,group,home,workplace,school,hospital,supermarket
0,unemployed,0.9,0.0,0.0,0.0,0.2
1,employed,0.3,0.5,0.0,0.0,0.6
2,student,0.7,0.2,0.5,0.0,0.1
3,unemployed,0.8,0.0,0.0,0.0,0.0
4,healthcare,0.1,0.0,0.0,0.9,0.0
5,healthcare,0.1,0.0,0.0,0.9,0.1
6,employed,0.7,0.0,0.0,0.0,0.0
7,healthcare,0.5,0.0,0.0,0.5,0.5
8,healthcare,0.2,0.0,0.0,0.9,0.0
9,healthcare,0.3,0.0,0.0,0.9,0.1
10,healthcare,0.2,0.0,0.0,0.9,0.0
11,student,0.8,0.2,0.0,0.0,0.8
12,unemployed,0.9,0.2,0.0,0.0,0.0
13,healthcare,0.3,0.0,0.0,0.9,0.0
14,healthcare,0.2,0.0,0.0,0.9,0.1
15,healthcare,0.1,0.0,0.0,0.9,0.1
16,unemployed,0.8,0.2,0.0,0.0,0.0
17,healthcare,0.1,0.0,0.0,0.9,0.1
18,student,0.6,0.0,0.5,0.0,0.6
19,employed,0.3,0.7,0.0,0.0,0.6
20,employed,0.9,0.2,0.0,0.0,0.0
21,student,0.6,0.2,0.8,0.0,0.2
22,student,0.7,0.2,0.8,0.0,0.0
23,employed,0.9,0.2,0.0,0.0,0.0
24,unemployed,0.8,0.2,0.0,0.0,0.1
25,employed,0.7,0.2,0.0,0.0,0.1
26,unemployed,0.6,0.0,0.0,0.0,0.0
27,employed,0.9,0.2,0.0,0.0,0.2
28,student,0.6,0.2,0.0,0.0,0.6
29,healthcare,0.1,0.0,0.0,0.9,0.1
30,employed,0.3,0.8,0.0,0.0,0.6
31,unemployed,0.9,0.0,0.0,0.0,0.5
32,employed,0.5,0.0,0.0,0.0,0.1
33,employed,0.2,0.5,0.0,0.0,0.2
34,employed,0.7,0.2,0.0,0.0,0.2
35,student,0.6,0.2,0.8,0.0,0.1
36,unemployed,0.6,0.2,0.0,0.0,0.5
37,employed,0.8,0.0,0.0,0.0,0.1
38,unemployed,0.6,0.2,0.0,0.0,0.0
39,unemployed,0.7,0.0,0.0,0.0,0.0
40,unemployed,0.8,0.0,0.0,0.0,0.2
41,employed,0.8,0.0,0.0,0.0,0.1
42,employed,0.9,0.2,0.0,0.0,0.0
43,unemployed,0.8,0.2,0.0,0.0,0.5
44,healthcare,0.5,0.0,0.2,0.7,0.5
45,unemployed,0.6,0.0,0.0,0.0,0.2
46,healthcare,0.4,0.0,0.2,0.5,0.4
47,healthcare,0.5,0.0,0.2,0.5,0.5
48,healthcare,0.1,0.0,0.0,0.9,0.0
49,student,0.8,0.2,0.0,0.0,0.8
50,unemployed,0.9,0.0,0.0,0.0,0.2
51,healthcare,0.2,0.0,0.0,0.9,0.1
52,healthcare,0.2,0.0,0.0,0.9,0.0
53,student,0.5,0.2,0.8,0.0,0.8
54,student,0.6,0.0,0.5,0.0,0.0
55,employed,0.7,0.2,0.0,0.0,0.2
56,employed,0.7,0.0,0.0,0.0,0.1
57,unemployed,0.7,0.0,0.0,0.0,0.2
58,student,0.7,0.2,0.8,0.0,0.1
59,unemployed,0.6,0.0,0.0,0.0,0.5
60,student,0.8,0.0,0.8,0.0,0.0
61,employed,0.8,0.0,0.0,0.0,0.2
62,employed,0.2,0.7,0.0,0.0,0.5
63,employed,0.5,0.2,0.0,0.0,0.1
64,employed,0.8,0.2,0.0,0.0,0.2
65,student,0.5,0.0,0.0,0.0,0.8
66,student,0.9,0.0,0.8,0.0,0.8
67,student,0.8,0.2,0.0,0.0,0.8
68,student,0.7,0.2,0.8,0.0,0.2
69,unemployed,0.6,0.0,0.0,0.0,0.2
70,unemployed,0.8,0.2,0.0,0.0,0.5
71,employed,0.5,0.0,0.0,0.0,0.0
72,student,0.8,0.2,0.0,0.0,0.8
73,student,0.8,0.0,0.0,0.0,0.5
74,healthcare,0.1,0.0,0.0,0.9,0.0
75,healthcare,0.3,0.0,0.0,0.9,0.1
76,healthcare,0.4,0.0,0.0,0.5,0.5
77,employed,0.7,0.2,0.0,0.0,0.1
78,student,0.5,0.2,0.5,0.0,0.8
79,employed,0.5,0.2,0.0,0.0,0.1
80,employed,0.7,0.0,0.0,0.0,0.2
81,unemployed,0.8,0.2,0.0,0.0,0.2
82,unemployed,0.8,0.0,0.0,0.0,0.0
83,student,0.6,0.0,0.8,0.0,0.2
84,unemployed,0.6,0.2,0.0,0.0,0.0
85,healthcare,0.3,0.0,0.0,0.9,0.0
86,employed,0.7,0.2,0.0,0.0,0.2
87,employed,0.9,0.2,0.0,0.0,0.2
88,employed,0.2,0.8,0.0,0.0,0.6
89,unemployed,0.9,0.0,0.0,0.0,0.1
90,student,0.8,0.0,0.8,0.0,0.0
91,healthcare,0.5,0.0,0.2,0.5,0.5
92,student,0.5,0.2,0.8,0.0,0.2
93,healthcare,0.5,0.0,0.2,0.5,0.4
94,employed,0.3,0.6,0.0,0.0,0.5
95,student,0.9,0.0,0.8,0.0,0.2
96,employed,0.3,0.5,0.0,0.0,0.2
97,student,0.7,0.0,0.0,0.0,0.2
98,unemployed,0.6,0.0,0.0,0.0,0.2
99,student,0.6,0.2,0.8,0.0,0.0
100,unemployed,0.6,0.0,0.0,0.0,0.5
101,student,0.8,0.0,0.0,0.0,0.2
102,student,0.5,0.2,0.5,0.0,0.8
103,student,0.8,0.0,0.5,0.0,0.5
104,unemployed,0.9,0.0,0.0,0.0,0.0
105,unemployed,0.9,0.2,0.0,0.0,0.0
106,unemployed,0.7,0.2,0.0,0.0,0.0
107,healthcare,0.3,0.0,0.0,0.9,0.1
108,unemployed,0.7,0.0,0.0,0.0,0.2
109,student,0.6,0.2,0.8,0.0,0.0
110,student,0.5,0.0,0.8,0.0,0.2
111,student,0.5,0.2,0.0,0.0,0.0
112,healthcare,0.2,0.0,0.0,0.9,0.0
113,healthcare,0.5,0.0,0.2,0.5,0.5
114,student,0.6,0.0,0.5,0.0,0.2
115,employed,0.9,0.2,0.0,0.0,0.2
116,healthcare,0.2,0.0,0.0,0.9,0.1
117,employed,0.5,0.0,0.0,0.0,0.2
118,student,0.6,0.0,0.5,0.0,0.1
119,healthcare,0.2,0.0,0.0,0.9,0.0
120,student,0.6,0.2,0.0,0.0,0.2
121,healthcare,0.5,0.0,0.0,0.7,0.5
122,student,0.7,0.0,0.5,0.0,0.8
123,student,0.7,0.0,0.0,0.0,0.8
124,unemployed,0.6,0.2,0.0,0.0,0.2
125,healthcare,0.3,0.0,0.0,0.9,0.0
126,unemployed,0.8,0.0,0.0,0.0,0.0
127,healthcare,0.2,0.0,0.0,0.9,0.1
128,employed,0.3,0.5,0.0,0.0,0.6
129,healthcare,0.5,0.0,0.2,0.5,0.4
130,employed,0.8,0.0,0.0,0.0,0.1
131,employed,0.2,0.6,0.0,0.0,0.5
132,healthcare,0.2,0.0,0.0,0.9,0.1
133,healthcare,0.4,0.0,0.0,0.5,0.5
134,student,0.8,0.0,0.8,0.0,0.8
135,employed,0.5,0.2,0.0,0.0,0.2
136,unemployed,0.9,0.2,0.0,0.0,0.5
137,student,0.8,0.0,0.5,0.0,0.2
138,employed,0.9,0.2,0.0,0.0,0.0
139,healthcare,0.1,0.0,0.0,0.9,0.0
140,student,0.6,0.0,0.0,0.0,0.8
141,healthcare,0.5,0.0,0.2,0.7,0.5
142,unemployed,0.9,0.2,0.0,0.0,0.2
143,unemployed,0.7,0.2,0.0,0.0,0.1
144,unemployed,0.7,0.0,0.0,0.0,0.2
145,unemployed,0.7,0.0,0.0,0.0,0.1
146,healthcare,0.1,0.0,0.0,0.9,0.0
147,employed,0.3,0.8,0.0,0.0,0.5
148,unemployed,0.9,0.2,0.0,0.0,0.2
149,student,0.6,0.0,0.5,0.0,0.1
150,healthcare,0.3,0.0,0.0,0.9,0.1
151,employed,0.2,0.5,0.0,0.0,0.2
152,healthcare,0.2,0.0,0.0,0.9,0.0
153,unemployed,0.7,0.0,0.0,0.0,0.1
154,unemployed,0.8,0.2,0.0,0.0,0.0
155,unemployed,0.9,0.2,0.0,0.0,0.0
156,student,0.5,0.2,0.0,0.0,0.0
157,student,0.9,0.2,0.8,0.0,0.6
158,unemployed,0.7,0.2,0.0,0.0,0.0
159,student,0.6,0.2,0.5,0.0,0.5
160,student,0.5,0.2,0.8,0.0,0.2
161,employed,0.7,0.0,0.0,0.0,0.2
162,student,0.9,0.2,0.0,0.0,0.1
163,unemployed,0.7,0.2,0.0,0.0,0.0
164,student,0.7,0.2,0.0,0.0,0.5
165,student,0.5,0.2,0.0,0.0,0.6
166,healthcare,0.5,0.0,0.0,0.5,0.4
167,unemployed,0.8,0.2,0.0,0.0,0.2
168,student,0.6,0.2,0.0,0.0,0.1
169,healthcare,0.2,0.0,0.0,0.9,0.0
170,unemployed,0.9,0.0,0.0,0.0,0.0
171,healthcare,0.5,0.0,0.2,0.7,0.4
172,employed,0.2,0.5,0.0,0.0,0.2
173,healthcare,0.2,0.0,0.0,0.9,0.0
174,healthcare,0.4,0.0,0.0,0.5,0.4
175,student,0.5,0.2,0.8,0.0,0.6
176,healthcare,0.2,0.0,0.0,0.9,0.0
177,unemployed,0.8,0.2,0.0,0.0,0.2
178,healthcare,0.3,0.0,0.0,0.9,0.1
179,unemployed,0.7,0.2,0.0,0.0,0.5
180,employed,0.8,0.2,0.0,0.0,0.1
181,employed,0.3,0.5,0.0,0.0,0.2
182,employed,0.9,0.0,0.0,0.0,0.2
183,employed,0.3,0.7,0.0,0.0,0.2
184,employed,0.8,0.2,0.0,0.0,0.2
185,employed,0.8,0.2,0.0,0.0,0.0
186,unemployed,0.8,0.2,0.0,0.0,0.1
187,employed,0.5,0.2,0.0,0.0,0.0
188,unemployed,0.8,0.0,0.0,0.0,0.0
189,unemployed,0.9,0.2,0.0,0.0,0.5
190,employed,0.2,0.8,0.0,0.0,0.6
191,employed,0.9,0.0,0.0,0.0,0.2
192,healthcare,0.4,0.0,0.0,0.5,0.5
193,unemployed,0.6,0.2,0.0,0.0,0.0
194,student,0.6,0.2,0.5,0.0,0.5
195,healthcare,0.2,0.0,0.0,0.9,0.0
196,employed,0.5,0.0,0.0,0.0,0.0
197,healthcare,0.3,0.0,0.0,0.9,0.1
198,healthcare,0.4,0.0,0.0,0.5,0.4
199,student,0.5,0.2,0.5,0.0,0.8
200,employed,0.5,0.0,0.0,0.0,0.0
201,employed,0.8,0.2,0.0,0.0,0.0
202,unemployed,0.8,0.2,0.0,0.0,0.0
203,healthcare,0.2,0.0,0.0,0.9,0.1
204,employed,0.3,0.8,0.0,0.0,0.6
205,unemployed,0.8,0.0,0.0,0.0,0.2
206,healthcare,0.2,0.0,0.0,0.9,0.1
207,unemployed,0.9,0.0,0.0,0.0,0.5
208,unemployed,0.6,0.2,0.0,0.0,0.5
209,employed,0.8,0.0,0.0,0.0,0.2
210,unemployed,0.9,0.2,0.0,0.0,0.0
211,employed,0.8,0.2,0.0,0.0,0.1
212,student,0.8,0.0,0.5,0.0,0.8
213,student,0.6,0.2,0.5,0.0,0.8
214,employed,0.8,0.0,0.0,0.0,0.0
215,employed,0.5,0.0,0.0,0.0,0.1
216,employed,0.9,0.0,0.0,0.0,0.2
217,employed,0.2,0.7,0.0,0.0,0.6
218,healthcare,0.1,0.0,0.0,0.9,0.0
219,healthcare,0.3,0.0,0.0,0.9,0.1
220,unemployed,0.6,0.0,0.0,0.0,0.2
221,employed,0.3,0.7,0.0,0.0,0.5
222,healthcare,0.2,0.0,0.0,0.9,0.1
223,healthcare,0.5,0.0,0.0,0.7,0.5
224,student,0.7,0.2,0.8,0.0,0.0
225,student,0.7,0.2,0.0,0.0,0.5
226,employed,0.8,0.0,0.0,0.0,0.0
227,unemployed,0.6,0.2,0.0,0.0,0.2
228,employed,0.9,0.0,0.0,0.0,0.1
229,employed,0.7,0.2,0.0,0.0,0.1
230,healthcare,0.4,0.0,0.2,0.7,0.4
231,employed,0.2,0.6,0.0,0.0,0.6
232,student,0.6,0.0,0.5,0.0,0.0
233,student,0.8,0.2,0.8,0.0,0.0
234,employed,0.2,0.5,0.0,0.0,0.5
235,employed,0.2,0.6,0.0,0.0,0.2
236,healthcare,0.4,0.0,0.2,0.7,0.5
237,employed,0.9,0.2,0.0,0.0,0.2
238,healthcare,0.2,0.0,0.0,0.9,0.0
239,healthcare,0.2,0.0,0.0,0.9,0.1
240,employed,0.8,0.2,0.0,0.0,0.1
241,unemployed,0.8,0.2,0.0,0.0,0.1
242,student,0.7,0.2,0.0,0.0,0.2
243,employed,0.2,0.7,0.0,0.0,0.5
244,healthcare,0.3,0.0,0.0,0.9,0.0
245,employed,0.2,0.6,0.0,0.0,0.6
246,healthcare,0.4,0.0,0.0,0.7,0.4
247,unemployed,0.9,0.2,0.0,0.0,0.2
248,employed,0.7,0.2,0.0,0.0,0.2
249,student,0.8,0.0,0.5,0.0,0.1
250,unemployed,0.9,0.0,0.0,0.0,0.2
251,healthcare,0.5,0.0,0.0,0.5,0.5
252,unemployed,0.7,0.2,0.0,0.0,0.5
253,healthcare,0.4,0.0,0.2,0.5,0.5
254,student,0.7,0.2,0.8,0.0,0.2
255,student,0.7,0.2,0.5,0.0,0.6
256,student,0.9,0.0,0.8,0.0,0.2
257,employed,0.7,0.0,0.0,0.0,0.0
258,healthcare,0.3,0.0,0.0,0.9,0.1
259,employed,0.3,0.6,0.0,0.0,0.5
260,unemployed,0.6,0.0,0.0,0.0,0.2
261,employed,0.2,0.7,0.0,0.0,0.6
262,unemployed,0.8,0.0,0.0,0.0,0.1
263,employed,0.7,0.2,0.0,0.0,0.1
264,healthcare,0.5,0.0,0.0,0.5,0.5
265,employed,0.3,0.8,0.0,0.0,0.5
266,healthcare,0.5,0.0,0.0,0.7,0.4
267,employed,0.2,0.7,0.0,0.0,0.6
268,student,0.5,0.2,0.0,0.0,0.2
269,healthcare,0.4,0.0,0.2,0.5,0.5
270,employed,0.9,0.2,0.0,0.0,0.1
271,healthcare,0.4,0.0,0.2,0.7,0.5
272,unemployed,0.9,0.2,0.0,0.0,0.1
273,healthcare,0.5,0.0,0.2,0.5,0.5
274,employed,0.9,0.0,0.0,0.0,0.1
275,employed,0.5,0.0,0.0,0.0,0.0
276,healthcare,0.2,0.0,0.0,0.9,0.0
277,student,0.6,0.2,0.5,0.0,0.0
278,healthcare,0.1,0.0,0.0,0.9,0.0
279,student,0.6,0.0,0.8,0.0,0.8
280,healthcare,0.5,0.0,0.2,0.5,0.5
281,student,0.8,0.2,0.0,0.0,0.1
282,unemployed,0.9,0.0,0.0,0.0,0.0
283,student,0.9,0.0,0.5,0.0,0.8
284,unemployed,0.9,0.0,0.0,0.0,0.5
285,healthcare,0.2,0.0,0.0,0.9,0.0
286,healthcare,0.3,0.0,0.0,0.9,0.0
287,student,0.8,0.0,0.8,0.0,0.8
288,unemployed,0.7,0.2,0.0,0.0,0.0
289,unemployed,0.9,0.2,0.0,0.0,0.2
290,unemployed,0.7,0.2,0.0,0.0,0.0
291,healthcare,0.5,0.0,0.2,0.5,0.5
292,employed,0.8,0.2,0.0,0.0,0.1
293,student,0.6,0.0,0.5,0.0,0.6
294,employed,0.2,0.7,0.0,0.0,0.6
295,student,0.8,0.0,0.8,0.0,0.2
296,unemployed,0.6,0.0,0.0,0.0,0.1
297,employed,0.9,0.0,0.0,0.0,0.1
298,student,0.8,0.0,0.0,0.0,0.8
299,student,0.6,0.2,0.5,0.0,0.5
300,unemployed,0.9,0.2,0.0,0.0,0.0
301,healthcare,0.2,0.0,0.0,0.9,0.1
302,healthcare,0.5,0.0,0.0,0.7,0.5
303,unemployed,0.7,0.0,0.0,0.0,0.1
304,unemployed,0.7,0.0,0.0,0.0,0.1
305,employed,0.9,0.0,0.0,0.0,0.2
306,unemployed,0.6,0.0,0.0,0.0,0.5
307,student,0.9,0.2,0.5,0.0,0.8
308,employed,0.7,0.0,0.0,0.0,0.0
309,unemployed,0.9,0.2,0.0,0.0,0.1
310,unemployed,0.8,0.0,0.0,0.0,0.1
311,employed,0.8,0.2,0.0,0.0,0.0
312,student,0.8,0.2,0.8,0.0,0.8
313,healthcare,0.2,0.0,0.0,0.9,0.1
314,unemployed,0.9,0.0,0.0,0.0,0.5
315,student,0.9,0.0,0.8,0.0,0.8
316,student,0.8,0.0,0.0,0.0,0.2
317,employed,0.7,0.2,0.0,0.0,0.2
318,student,0.7,0.2,0.8,0.0,0.6
319,employed,0.7,0.0,0.0,0.0,0.1
320,employed,0.5,0.2,0.0,0.0,0.0
321,unemployed,0.9,0.2,0.0,0.0,0.0
322,student,0.8,0.0,0.8,0.0,0.8
323,healthcare,0.3,0.0,0.0,0.9,0.0
324,healthcare,0.1,0.0,0.0,0.9,0.1
325,student,0.8,0.2,0.0,0.0,0.1
326,unemployed,0.7,0.0,0.0,0.0,0.5
327,unemployed,0.8,0.0,0.0,0.0,0.5
328,unemployed,0.8,0.2,0.0,0.0,0.5
329,unemployed,0.7,0.0,0.0,0.0,0.2
330,employed,0.7,0.0,0.0,0.0,0.2
331,employed,0.3,0.5,0.0,0.0,0.6
332,student,0.5,0.2,0.5,0.0,0.6
333,student,0.5,0.2,0.0,0.0,0.2
334,healthcare,0.4,0.0,0.2,0.7,0.5
335,student,0.5,0.2,0.8,0.0,0.0
336,unemployed,0.8,0.0,0.0,0.0,0.5
337,unemployed,0.6,0.0,0.0,0.0,0.2
338,healthcare,0.5,0.0,0.2,0.7,0.5
339,employed,0.2,0.5,0.0,0.0,0.2
340,healthcare,0.2,0.0,0.0,0.9,0.0
341,employed,0.9,0.0,0.0,0.0,0.2
342,healthcare,0.2,0.0,0.0,0.9,0.0
343,healthcare,0.2,0.0,0.0,0.9,0.1
344,healthcare,0.5,0.0,0.0,0.7,0.5
345,employed,0.9,0.0,0.0,0.0,0.1
346,healthcare,0.1,0.0,0.0,0.9,0.0
347,healthcare,0.4,0.0,0.2,0.5,0.5
348,unemployed,0.7,0.2,0.0,0.0,0.5
349,employed,0.9,0.0,0.0,0.0,0.2
350,unemployed,0.9,0.0,0.0,0.0,0.1
351,healthcare,0.4,0.0,0.2,0.7,0.4
352,healthcare,0.5,0.0,0.2,0.7,0.4
353,unemployed,0.8,0.0,0.0,0.0,0.0
354,student,0.9,0.2,0.0,0.0,0.0
355,student,0.5,0.2,0.8,0.0,0.1
356,healthcare,0.1,0.0,0.0,0.9,0.1
357,unemployed,0.6,0.0,0.0,0.0,0.5
358,healthcare,0.2,0.0,0.0,0.9,0.0
359,healthcare,0.5,0.0,0.2,0.5,0.4
360,employed,0.9,0.0,0.0,0.0,0.1
361,healthcare,0.1,0.0,0.0,0.9,0.0
362,unemployed,0.8,0.2,0.0,0.0,0.5
363,healthcare,0.5,0.0,0.2,0.5,0.4
364,unemployed,0.9,0.2,0.0,0.0,0.0
365,unemployed,0.7,0.0,0.0,0.0,0.2
366,healthcare,0.4,0.0,0.0,0.7,0.5
367,employed,0.7,0.2,0.0,0.0,0.0
368,healthcare,0.2,0.0,0.0,0.9,0.0
369,unemployed,0.9,0.0,0.0,0.0,0.1
370,employed,0.8,0.0,0.0,0.0,0.0
371,unemployed,0.8,0.2,0.0,0.0,0.1
372,healthcare,0.3,0.0,0.0,0.9,0.0
373,unemployed,0.6,0.0,0.0,0.0,0.2
374,unemployed,0.6,0.0,0.0,0.0,0.1
375,employed,0.7,0.0,0.0,0.0,0.0
376,employed,0.2,0.6,0.0,0.0,0.2
377,student,0.5,0.2,0.0,0.0,0.6
378,student,0.6,0.0,0.8,0.0,0.2
379,healthcare,0.2,0.0,0.0,0.9,0.0
380,unemployed,0.8,0.0,0.0,0.0,0.5
381,employed,0.3,0.5,0.0,0.0,0.6
382,healthcare,0.3,0.0,0.0,0.9,0.0
383,employed,0.5,0.2,0.0,0.0,0.1
384,unemployed,0.8,0.2,0.0,0.0,0.1
385,unemployed,0.8,0.0,0.0,0.0,0.5
386,unemployed,0.9,0.2,0.0,0.0,0.0
387,student,0.9,0.0,0.8,0.0,0.6
388,employed,0.9,0.2,0.0,0.0,0.0
389,unemployed,0.8,0.2,0.0,0.0,0.5
390,healthcare,0.3,0.0,0.0,0.9,0.1
391,unemployed,0.6,0.2,0.0,0.0,0.1
392,student,0.9,0.0,0.0,0.0,0.1
393,employed,0.3,0.6,0.0,0.0,0.2
394,employed,0.3,0.8,0.0,0.0,0.6
395,employed,0.9,0.2,0.0,0.0,0.1
396,student,0.8,0.0,0.0,0.0,0.6
397,student,0.8,0.2,0.0,0.0,0.6
398,unemployed,0.7,0.2,0.0,0.0,0.1
399,student,0.8,0.0,0.8,0.0,0.1
400,healthcare,0.1,0.0,0.0,0.9,0.0
401,healthcare,0.4,0.0,0.0,0.7,0.5
402,employed,0.5,0.0,0.0,0.0,0.1
403,employed,0.5,0.0,0.0,0.0,0.1
404,unemployed,0.6,0.2,0.0,0.0,0.1
405,healthcare,0.4,0.0,0.2,0.7,0.5
406,student,0.7,0.2,0.5,0.0,0.6
407,unemployed,0.8,0.0,0.0,0.0,0.2
408,student,0.5,0.2,0.0,0.0,0.0
409,healthcare,0.5,0.0,0.2,0.5,0.5
410,unemployed,0.7,0.2,0.0,0.0,0.2
411,employed,0.5,0.2,0.0,0.0,0.0
412,unemployed,0.8,0.2,0.0,0.0,0.0
413,student,0.8,0.0,0.0,0.0,0.1
414,student,0.5,0.2,0.0,0.0,0.1
415,unemployed,0.8,0.2,0.0,0.0,0.5
416,healthcare,0.2,0.0,0.0,0.9,0.0
417,employed,0.7,0.0,0.0,0.0,0.0
418,employed,0.9,0.0,0.0,0.0,0.1
419,employed,0.3,0.6,0.0,0.0,0.2
420,employed,0.2,0.6,0.0,0.0,0.5
421,unemployed,0.7,0.0,0.0,0.0,0.1
422,unemployed,0.7,0.0,0.0,0.0,0.5
423,student,0.6,0.2,0.5,0.0,0.1
424,student,0.6,0.2,0.5,0.0,0.0
425,unemployed,0.8,0.2,0.0,0.0,0.1
426,student,0.6,0.2,0.8,0.0,0.6
427,healthcare,0.3,0.0,0.0,0.9,0.1
428,employed,0.5,0.0,0.0,0.0,0.2
429,unemployed,0.9,0.2,0.0,0.0,0.5
430,unemployed,0.7,0.2,0.0,0.0,0.5
431,student,0.9,0.2,0.8,0.0,0.6
432,healthcare,0.2,0.0,0.0,0.9,0.1
433,student,0.6,0.0,0.5,0.0,0.0
434,healthcare,0.5,0.0,0.0,0.5,0.4
435,unemployed,0.9,0.0,0.0,0.0,0.1
436,employed,0.8,0.0,0.0,0.0,0.0
437,employed,0.2,0.5,0.0,0.0,0.6
438,healthcare,0.5,0.0,0.2,0.5,0.5
439,employed,0.7,0.2,0.0,0.0,0.2
440,employed,0.8,0.2,0.0,0.0,0.2
441,healthcare,0.3,0.0,0.0,0.9,0.1
442,employed,0.7,0.2,0.0,0.0,0.1
443,student,0.9,0.0,0.5,0.0,0.2
444,unemployed,0.7,0.2,0.0,0.0,0.2
445,unemployed,0.9,0.0,0.0,0.0,0.0
446,student,0.7,0.0,0.8,0.0,0.1
447,student,0.7,0.0,0.5,0.0,0.5
448,unemployed,0.9,0.2,0.0,0.0,0.5
449,unemployed,0.6,0.2,0.0,0.0,0.0
450,student,0.5,0.2,0.8,0.0,0.0
451,healthcare,0.5,0.0,0.2,0.7,0.5
452,student,0.7,0.2,0.0,0.0,0.1
453,healthcare,0.1,0.0,0.0,0.9,0.1
454,employed,0.5,0.0,0.0,0.0,0.1
455,healthcare,0.4,0.0,0.2,0.5,0.5
456,unemployed,0.8,0.2,0.0,0.0,0.2
457,healthcare,0.2,0.0,0.0,0.9,0.0
458,unemployed,0.7,0.2,0.0,0.0,0.1
459,healthcare,0.2,0.0,0.0,0.9,0.1
460,healthcare,0.2,0.0,0.0,0.9,0.0
461,student,0.8,0.0,0.5,0.0,0.6
462,employed,0.7,0.2,0.0,0.0,0.0
463,unemployed,0.6,0.2,0.0,0.0,0.5
464,student,0.8,0.2,0.0,0.0,0.2
465,employed,0.3,0.5,0.0,0.0,0.6
466,healthcare,0.5,0.0,0.2,0.7,0.4
467,employed,0.5,0.0,0.0,0.0,0.0
468,healthcare,0.4,0.0,0.0,0.5,0.5
469,student,0.6,0.0,0.0,0.0,0.8
470,student,0.8,0.2,0.0,0.0,0.2
471,student,0.8,0.2,0.8,0.0,0.5
472,unemployed,0.9,0.2,0.0,0.0,0.2
473,student,0.5,0.2,0.8,0.0,0.0
474,unemployed,0.7,0.2,0.0,0.0,0.0
475,healthcare,0.2,0.0,0.0,0.9,0.0
476,unemployed,0.6,0.0,0.0,0.0,0.1
477,unemployed,0.6,0.0,0.0,0.0,0.5
478,student,0.7,0.0,0.0,0.0,0.0
479,employed,0.3,0.7,0.0,0.0,0.5
480,employed,0.3,0.7,0.0,0.0,0.5
481,healthcare,0.2,0.0,0.0,0.9,0.0
482,student,0.7,0.2,0.5,0.0,0.6
483,healthcare,0.1,0.0,0.0,0.9,0.1
484,healthcare,0.3,0.0,0.0,0.9,0.1
485,student,0.6,0.2,0.0,0.0,0.1
486,unemployed,0.9,0.2,0.0,0.0,0.2
487,healthcare,0.1,0.0,0.0,0.9,0.1
488,healthcare,0.1,0.0,0.0,0.9,0.0
489,healthcare,0.1,0.0,0.0,0.9,0.1
490,unemployed,0.8,0.0,0.0,0.0,0.1
491,unemployed,0.7,0.2,0.0,0.0,0.0
492,student,0.7,0.0,0.8,0.0,0.2
493,healthcare,0.1,0.0,0.0,0.9,0.1
494,unemployed,0.6,0.0,0.0,0.0,0.1
495,healthcare,0.3,0.0,0.0,0.9,0.1
496,unemployed,0.8,0.2,0.0,0.0,0.5
497,healthcare,0.1,0.0,0.0,0.9,0.1
498,unemployed,0.7,0.0,0.0,0.0,0.1
499,unemployed,0.9,0.2,0.0,0.0,0.2
500,employed,0.2,0.7,0.0,0.0,0.5
501,unemployed,0.9,0.0,0.0,0.0,0.1
502,student,0.9,0.2,0.5,0.0,0.5
503,employed,0.5,0.2,0.0,0.0,0.2
504,student,0.9,0.2,0.8,0.0,0.1
505,unemployed,0.7,0.0,0.0,0.0,0.5
506,unemployed,0.6,0.2,0.0,0.0,0.2
507,healthcare,0.2,0.0,0.0,0.9,0.0
508,student,0.7,0.0,0.8,0.0,0.5
509,employed,0.2,0.6,0.0,0.0,0.5
510,student,0.6,0.0,0.8,0.0,0.5
511,student,0.6,0.0,0.0,0.0,0.8
512,employed,0.3,0.6,0.0,0.0,0.2
513,unemployed,0.9,0.2,0.0,0.0,0.5
514,healthcare,0.1,0.0,0.0,0.9,0.0
515,employed,0.7,0.2,0.0,0.0,0.2
516,unemployed,0.8,0.2,0.0,0.0,0.5
517,employed,0.7,0.2,0.0,0.0,0.1
518,healthcare,0.3,0.0,0.0,0.9,0.0
519,employed,0.9,0.2,0.0,0.0,0.2
520,healthcare,0.5,0.0,0.2,0.5,0.5
521,healthcare,0.2,0.0,0.0,0.9,0.0
522,unemployed,0.6,0.0,0.0,0.0,0.0
523,employed,0.7,0.0,0.0,0.0,0.0
524,employed,0.7,0.2,0.0,0.0,0.1
525,student,0.6,0.2,0.0,0.0,0.1
526,employed,0.9,0.0,0.0,0.0,0.0
527,healthcare,0.3,0.0,0.0,0.9,0.1
528,student,0.9,0.0,0.8,0.0,0.1
529,employed,0.2,0.5,0.0,0.0,0.2
530,unemployed,0.8,0.0,0.0,0.0,0.2
531,student,0.8,0.0,0.8,0.0,0.0
532,student,0.5,0.2,0.5,0.0,0.5
533,unemployed,0.9,0.0,0.0,0.0,0.1
534,healthcare,0.2,0.0,0.0,0.9,0.0
535,student,0.8,0.0,0.5,0.0,0.6
536,employed,0.7,0.2,0.0,0.0,0.2
537,unemployed,0.7,0.0,0.0,0.0,0.2
538,employed,0.3,0.7,0.0,0.0,0.2
539,employed,0.2,0.7,0.0,0.0,0.2
540,healthcare,0.1,0.0,0.0,0.9,0.1
541,healthcare,0.2,0.0,0.0,0.9,0.1
542,student,0.7,0.0,0.8,0.0,0.8
543,unemployed,0.9,0.0,0.0,0.0,0.5
544,student,0.5,0.0,0.0,0.0,0.1
545,healthcare,0.4,0.0,0.2,0.7,0.5
546,student,0.9,0.2,0.8,0.0,0.0
547,unemployed,0.6,0.0,0.0,0.0,0.0
548,unemployed,0.9,0.0,0.0,0.0,0.1
549,healthcare,0.2,0.0,0.0,0.9,0.0
550,student,0.8,0.2,0.0,0.0,0.0
551,employed,0.8,0.0,0.0,0.0,0.2
552,healthcare,0.2,0.0,0.0,0.9,0.0
553,student,0.7,0.2,0.0,0.0,0.1
554,employed,0.2,0.6,0.0,0.0,0.2
555,student,0.6,0.0,0.5,0.0,0.1
556,healthcare,0.1,0.0,0.0,0.9,0.0
557,unemployed,0.9,0.0,0.0,0.0,0.2
558,student,0.7,0.0,0.8,0.0,0.1
559,student,0.9,0.0,0.8,0.0,0.1
560,unemployed,0.8,0.2,0.0,0.0,0.5
561,employed,0.2,0.6,0.0,0.0,0.6
562,employed,0.9,0.2,0.0,0.0,0.2
563,unemployed,0.8,0.2,0.0,0.0,0.2
564,unemployed,0.7,0.2,0.0,0.0,0.0
565,employed,0.5,0.0,0.0,0.0,0.2
566,healthcare,0.5,0.0,0.2,0.5,0.4
567,student,0.9,0.2,0.8,0.0,0.6
568,unemployed,0.9,0.2,0.0,0.0,0.1
569,student,0.5,0.0,0.5,0.0,0.1
570,healthcare,0.4,0.0,0.2,0.5,0.5
571,employed,0.2,0.7,0.0,0.0,0.5
572,employed,0.7,0.2,0.0,0.0,0.0
573,student,0.6,0.0,0.8,0.0,0.0
574,student,0.9,0.2,0.8,0.0,0.2
575,healthcare,0.4,0.0,0.0,0.7,0.5
576,employed,0.7,0.2,0.0,0.0,0.0
577,employed,0.5,0.0,0.0,0.0,0.1
578,employed,0.5,0.2,0.0,0.0,0.0
579,student,0.9,0.0,0.8,0.0,0.5
580,healthcare,0.1,0.0,0.0,0.9,0.1
581,student,0.7,0.0,0.8,0.0,0.2
582,employed,0.3,0.8,0.0,0.0,0.6
583,healthcare,0.5,0.0,0.2,0.5,0.5
584,employed,0.5,0.2,0.0,0.0,0.0
585,student,0.8,0.0,0.0,0.0,0.2
586,student,0.6,0.0,0.5,0.0,0.8
587,unemployed,0.7,0.2,0.0,0.0,0.0
588,healthcare,0.1,0.0,0.0,0.9,0.0
589,healthcare,0.2,0.0,0.0,0.9,0.0
590,student,0.5,0.0,0.5,0.0,0.2
591,unemployed,0.8,0.2,0.0,0.0,0.0
592,healthcare,0.4,0.0,0.0,0.7,0.5
593,student,0.6,0.0,0.5,0.0,0.0
594,unemployed,0.7,0.0,0.0,0.0,0.1
595,healthcare,0.1,0.0,0.0,0.9,0.1
596,unemployed,0.8,0.2,0.0,0.0,0.1
597,employed,0.9,0.2,0.0,0.0,0.0
598,unemployed,0.9,0.2,0.0,0.0,0.1
599,healthcare,0.2,0.0,0.0,0.9,0.1
600,healthcare,0.1,0.0,0.0,0.9,0.0
601,employed,0.9,0.0,0.0,0.0,0.1
602,student,0.7,0.2,0.5,0.0,0.0
603,healthcare,0.4,0.0,0.0,0.7,0.4
604,healthcare,0.5,0.0,0.2,0.7,0.4
605,employed,0.3,0.7,0.0,0.0,0.6
606,employed,0.7,0.2,0.0,0.0,0.0
607,student,0.8,0.0,0.8,0.0,0.2
608,student,0.9,0.0,0.8,0.0,0.8
609,healthcare,0.5,0.0,0.0,0.7,0.5
610,healthcare,0.3,0.0,0.0,0.9,0.1
611,unemployed,0.7,0.2,0.0,0.0,0.5
612,student,0.7,0.0,0.0,0.0,0.1
613,unemployed,0.9,0.0,0.0,0.0,0.0
614,healthcare,0.3,0.0,0.0,0.9,0.0
615,employed,0.9,0.2,0.0,0.0,0.0
616,student,0.9,0.0,0.0,0.0,0.6
617,student,0.8,0.2,0.5,0.0,0.5
618,unemployed,0.9,0.0,0.0,0.0,0.1
619,healthcare,0.2,0.0,0.0,0.9,0.0
620,healthcare,0.3,0.0,0.0,0.9,0.0
621,student,0.9,0.0,0.5,0.0,0.8
622,student,0.5,0.0,0.8,0.0,0.5
623,unemployed,0.8,0.2,0.0,0.0,0.5
624,healthcare,0.5,0.0,0.2,0.7,0.5
625,healthcare,0.4,0.0,0.0,0.7,0.4
626,student,0.6,0.0,0.0,0.0,0.8
627,healthcare,0.5,0.0,0.2,0.5,0.4
628,unemployed,0.8,0.2,0.0,0.0,0.5
629,employed,0.7,0.0,0.0,0.0,0.0
630,healthcare,0.3,0.0,0.0,0.9,0.1
631,healthcare,0.2,0.0,0.0,0.9,0.1
632,healthcare,0.5,0.0,0.2,0.5,0.5
633,employed,0.9,0.2,0.0,0.0,0.0
634,student,0.7,0.0,0.5,0.0,0.8
635,employed,0.2,0.8,0.0,0.0,0.2
636,healthcare,0.1,0.0,0.0,0.9,0.0
637,healthcare,0.1,0.0,0.0,0.9,0.0
638,healthcare,0.5,0.0,0.0,0.5,0.4
639,unemployed,0.6,0.0,0.0,0.0,0.0
640,unemployed,0.9,0.2,0.0,0.0,0.0
641,student,0.6,0.0,0.5,0.0,0.6
642,unemployed,0.6,0.0,0.0,0.0,0.2
643,unemployed,0.7,0.0,0.0,0.0,0.0
644,student,0.9,0.2,0.5,0.0,0.5
645,student,0.5,0.0,0.0,0.0,0.1
646,healthcare,0.2,0.0,0.0,0.9,0.0
647,unemployed,0.8,0.0,0.0,0.0,0.1
648,unemployed,0.7,0.0,0.0,0.0,0.5
649,healthcare,0.2,0.0,0.0,0.9,0.0
650,employed,0.7,0.2,0.0,0.0,0.2
651,unemployed,0.9,0.2,0.0,0.0,0.5
652,student,0.9,0.0,0.5,0.0,0.0
653,student,0.5,0.2,0.0,0.0,0.2
654,healthcare,0.2,0.0,0.0,0.9,0.0
655,healthcare,0.4,0.0,0.0,0.5,0.4
656,unemployed,0.9,0.0,0.0,0.0,0.1
657,employed,0.7,0.2,0.0,0.0,0.0
658,unemployed,0.7,0.0,0.0,0.0,0.2
659,student,0.5,0.0,0.0,0.0,0.0
660,unemployed,0.7,0.2,0.0,0.0,0.2
661,student,0.8,0.0,0.5,0.0,0.1
662,healthcare,0.2,0.0,0.0,0.9,0.0
663,employed,0.5,0.0,0.0,0.0,0.2
664,unemployed,0.6,0.2,0.0,0.0,0.5
665,healthcare,0.5,0.0,0.0,0.7,0.5
666,student,0.8,0.0,0.8,0.0,0.2
667,student,0.5,0.2,0.5,0.0,0.6
668,student,0.9,0.2,0.5,0.0,0.0
669,unemployed,0.7,0.2,0.0,0.0,0.2
670,student,0.5,0.0,0.5,0.0,0.6
671,healthcare,0.5,0.0,0.2,0.5,0.4
672,employed,0.8,0.2,0.0,0.0,0.1
673,employed,0.8,0.2,0.0,0.0,0.2
674,employed,0.5,0.2,0.0,0.0,0.0
675,healthcare,0.4,0.0,0.2,0.7,0.4
676,student,0.6,0.0,0.8,0.0,0.2
677,employed,0.2,0.5,0.0,0.0,0.5
678,unemployed,0.8,0.0,0.0,0.0,0.1
679,employed,0.9,0.2,0.0,0.0,0.0
680,employed,0.7,0.0,0.0,0.0,0.0
681,employed,0.8,0.0,0.0,0.0,0.2
682,healthcare,0.5,0.0,0.2,0.5,0.5
683,employed,0.5,0.0,0.0,0.0,0.0
684,healthcare,0.2,0.0,0.0,0.9,0.1
685,healthcare,0.3,0.0,0.0,0.9,0.0
686,student,0.8,0.0,0.8,0.0,0.6
687,student,0.7,0.0,0.0,0.0,0.5
688,healthcare,0.3,0.0,0.0,0.9,0.1
689,employed,0.8,0.0,0.0,0.0,0.1
690,employed,0.3,0.8,0.0,0.0,0.2
691,student,0.9,0.2,0.5,0.0,0.2
692,student,0.6,0.0,0.5,0.0,0.8
693,unemployed,0.8,0.0,0.0,0.0,0.5
694,employed,0.9,0.2,0.0,0.0,0.1
695,student,0.8,0.0,0.0,0.0,0.6
696,healthcare,0.1,0.0,0.0,0.9,0.0
697,healthcare,0.1,0.0,0.0,0.9,0.0
698,employed,0.3,0.6,0.0,0.0,0.2
699,unemployed,0.7,0.0,0.0,0.0,0.1
700,student,0.6,0.0,0.8,0.0,0.1
701,student,0.7,0.0,0.5,0.0,0.1
702,unemployed,0.7,0.2,0.0,0.0,0.5
703,student,0.9,0.2,0.8,0.0,0.1
704,unemployed,0.6,0.2,0.0,0.0,0.0
705,employed,0.3,0.6,0.0,0.0,0.6
706,student,0.9,0.2,0.5,0.0,0.6
707,student,0.7,0.0,0.8,0.0,0.6
708,unemployed,0.9,0.0,0.0,0.0,0.5
709,unemployed,0.9,0.0,0.0,0.0,0.0
710,healthcare,0.2,0.0,0.0,0.9,0.1
711,healthcare,0.5,0.0,0.0,0.5,0.4
712,student,0.5,0.0,0.0,0.0,0.1
713,unemployed,0.6,0.0,0.0,0.0,0.0
714,healthcare,0.1,0.0,0.0,0.9,0.1
715,employed,0.2,0.7,0.0,0.0,0.5
716,student,0.6,0.0,0.5,0.0,0.2
717,employed,0.7,0.0,0.0,0.0,0.1
718,unemployed,0.9,0.0,0.0,0.0,0.0
719,unemployed,0.9,0.2,0.0,0.0,0.1
720,healthcare,0.2,0.0,0.0,0.9,0.1
721,unemployed,0.6,0.0,0.0,0.0,0.0
722,healthcare,0.4,0.0,0.2,0.5,0.5
723,unemployed,0.9,0.2,0.0,0.0,0.1
724,healthcare,0.2,0.0,0.0,0.9,0.0
725,student,0.5,0.2,0.0,0.0,0.2
726,employed,0.7,0.0,0.0,0.0,0.1
727,employed,0.5,0.0,0.0,0.0,0.1
728,healthcare,0.4,0.0,0.2,0.5,0.5
729,employed,0.9,0.2,0.0,0.0,0.2
730,student,0.8,0.0,0.0,0.0,0.8
731,employed,0.3,0.6,0.0,0.0,0.6
732,employed,0.7,0.2,0.0,0.0,0.1
733,healthcare,0.5,0.0,0.0,0.7,0.5
734,student,0.5,0.0,0.8,0.0,0.6
735,healthcare,0.2,0.0,0.0,0.9,0.1
736,employed,0.3,0.7,0.0,0.0,0.6
737,employed,0.8,0.0,0.0,0.0,0.1
738,healthcare,0.4,0.0,0.2,0.5,0.4
739,healthcare,0.4,0.0,0.0,0.7,0.5
740,student,0.7,0.2,0.0,0.0,0.0
741,student,0.5,0.2,0.0,0.0,0.2
742,healthcare,0.5,0.0,0.2,0.5,0.4
743,employed,0.9,0.2,0.0,0.0,0.2
744,unemployed,0.8,0.0,0.0,0.0,0.0
745,healthcare,0.1,0.0,0.0,0.9,0.1
746,employed,0.8,0.0,0.0,0.0,0.0
747,employed,0.2,0.7,0.0,0.0,0.6
748,employed,0.3,0.6,0.0,0.0,0.6
749,unemployed,0.7,0.0,0.0,0.0,0.2
750,healthcare,0.4,0.0,0.2,0.5,0.4
751,healthcare,0.5,0.0,0.2,0.7,0.4
752,employed,0.2,0.7,0.0,0.0,0.5
753,employed,0.3,0.6,0.0,0.0,0.2
754,student,0.9,0.2,0.0,0.0,0.2
755,unemployed,0.7,0.2,0.0,0.0,0.5
756,student,0.5,0.0,0.8,0.0,0.5
757,healthcare,0.1,0.0,0.0,0.9,0.1
758,student,0.6,0.0,0.8,0.0,0.2
759,healthcare,0.3,0.0,0.0,0.9,0.0
760,employed,0.3,0.5,0.0,0.0,0.2
761,healthcare,0.3,0.0,0.0,0.9,0.1
762,employed,0.5,0.2,0.0,0.0,0.0
763,healthcare,0.3,0.0,0.0,0.9,0.1
764,student,0.6,0.0,0.5,0.0,0.0
765,student,0.5,0.2,0.0,0.0,0.0
766,employed,0.8,0.2,0.0,0.0,0.1
767,employed,0.5,0.2,0.0,0.0,0.1
768,student,0.5,0.0,0.5,0.0,0.5
769,unemployed,0.8,0.0,0.0,0.0,0.0
770,employed,0.5,0.2,0.0,0.0,0.2
771,student,0.6,0.2,0.0,0.0,0.5
772,unemployed,0.6,0.2,0.0,0.0,0.2
773,employed,0.7,0.2,0.0,0.0,0.1
774,employed,0.9,0.0,0.0,0.0,0.0
775,employed,0.7,0.0,0.0,0.0,0.2
776,student,0.7,0.0,0.5,0.0,0.0
777,student,0.6,0.2,0.8,0.0,0.8
778,employed,0.8,0.2,0.0,0.0,0.2
779,healthcare,0.1,0.0,0.0,0.9,0.0
780,healthcare,0.4,0.0,0.0,0.7,0.4
781,employed,0.5,0.2,0.0,0.0,0.2
782,healthcare,0.5,0.0,0.2,0.7,0.5
783,student,0.6,0.2,0.8,0.0,0.2
784,healthcare,0.4,0.0,0.0,0.7,0.4
785,employed,0.5,0.0,0.0,0.0,0.1
786,healthcare,0.2,0.0,0.0,0.9,0.1
787,employed,0.2,0.6,0.0,0.0,0.6
788,student,0.7,0.2,0.8,0.0,0.5
789,unemployed,0.9,0.2,0.0,0.0,0.2
790,unemployed,0.7,0.0,0.0,0.0,0.1
791,employed,0.3,0.7,0.0,0.0,0.2
792,unemployed,0.7,0.0,0.0,0.0,0.0
793,employed,0.2,0.7,0.0,0.0,0.5
794,unemployed,0.7,0.2,0.0,0.0,0.1
795,student,0.9,0.2,0.0,0.0,0.1
796,employed,0.7,0.0,0.0,0.0,0.0
797,healthcare,0.2,0.0,0.0,0.9,0.1
798,employed,0.5,0.2,0.0,0.0,0.0
799,healthcare,0.1,0.0,0.0,0.9,0.0
800,student,0.7,0.0,0.0,0.0,0.6
801,employed,0.8,0.2,0.0,0.0,0.1
802,student,0.5,0.0,0.0,0.0,0.8
803,employed,0.9,0.2,0.0,0.0,0.0
804,student,0.8,0.2,0.0,0.0,0.1
805,student,0.5,0.2,0.5,0.0,0.5
806,healthcare,0.4,0.0,0.0,0.5,0.5
807,employed,0.7,0.0,0.0,0.0,0.2
808,unemployed,0.7,0.2,0.0,0.0,0.2
809,student,0.6,0.0,0.5,0.0,0.6
810,student,0.9,0.0,0.5,0.0,0.5
811,employed,0.8,0.0,0.0,0.0,0.2
812,employed,0.7,0.0,0.0,0.0,0.0
813,student,0.7,0.0,0.0,0.0,0.5
814,healthcare,0.5,0.0,0.2,0.7,0.5
815,unemployed,0.9,0.2,0.0,0.0,0.0
816,student,0.6,0.0,0.8,0.0,0.1
817,employed,0.8,0.0,0.0,0.0,0.1
818,employed,0.5,0.0,0.0,0.0,0.2
819,student,0.7,0.2,0.0,0.0,0.0
820,student,0.5,0.2,0.5,0.0,0.1
821,healthcare,0.3,0.0,0.0,0.9,0.1
822,unemployed,0.6,0.2,0.0,0.0,0.0
823,student,0.9,0.0,0.8,0.0,0.8
824,student,0.9,0.0,0.0,0.0,0.6
825,healthcare,0.3,0.0,0.0,0.9,0.0
826,unemployed,0.9,0.0,0.0,0.0,0.0
827,healthcare,0.1,0.0,0.0,0.9,0.0
828,student,0.9,0.2,0.5,0.0,0.0
829,student,0.8,0.2,0.5,0.0,0.2
830,student,0.5,0.0,0.0,0.0,0.5
831,unemployed,0.6,0.2,0.0,0.0,0.0
832,student,0.7,0.2,0.8,0.0,0.2
833,healthcare,0.3,0.0,0.0,0.9,0.0
834,employed,0.9,0.0,0.0,0.0,0.1
835,student,0.7,0.0,0.8,0.0,0.0
836,unemployed,0.7,0.2,0.0,0.0,0.0
837,student,0.9,0.0,0.0,0.0,0.1
838,healthcare,0.4,0.0,0.0,0.5,0.5
839,healthcare,0.1,0.0,0.0,0.9,0.1
840,healthcare,0.2,0.0,0.0,0.9,0.0
841,unemployed,0.9,0.0,0.0,0.0,0.2
842,employed,0.7,0.0,0.0,0.0,0.2
843,employed,0.2,0.7,0.0,0.0,0.2
844,unemployed,0.7,0.2,0.0,0.0,0.1
845,employed,0.2,0.6,0.0,0.0,0.6
846,unemployed,0.9,0.2,0.0,0.0,0.2
847,unemployed,0.7,0.0,0.0,0.0,0.5
848,employed,0.8,0.2,0.0,0.0,0.1
849,student,0.9,0.0,0.5,0.0,0.1
850,unemployed,0.8,0.2,0.0,0.0,0.1
851,unemployed,0.9,0.2,0.0,0.0,0.5
852,healthcare,0.5,0.0,0.0,0.7,0.5
853,employed,0.9,0.2,0.0,0.0,0.2
854,employed,0.7,0.0,0.0,0.0,0.2
855,student,0.6,0.0,0.8,0.0,0.8
856,healthcare,0.4,0.0,0.2,0.5,0.5
857,healthcare,0.5,0.0,0.0,0.7,0.5
858,student,0.8,0.2,0.5,0.0,0.1
859,healthcare,0.1,0.0,0.0,0.9,0.0
860,student,0.9,0.0,0.5,0.0,0.6
861,employed,0.3,0.5,0.0,0.0,0.2
862,employed,0.9,0.2,0.0,0.0,0.1
863,healthcare,0.2,0.0,0.0,0.9,0.1
864,student,0.9,0.0,0.5,0.0,0.2
865,employed,0.9,0.0,0.0,0.0,0.2
866,student,0.8,0.0,0.8,0.0,0.1
867,healthcare,0.2,0.0,0.0,0.9,0.0
868,healthcare,0.3,0.0,0.0,0.9,0.0
869,employed,0.2,0.7,0.0,0.0,0.6
870,student,0.6,0.2,0.0,0.0,0.1
871,healthcare,0.3,0.0,0.0,0.9,0.0
872,healthcare,0.4,0.0,0.2,0.7,0.4
873,student,0.7,0.2,0.5,0.0,0.0
874,unemployed,0.7,0.2,0.0,0.0,0.0
875,healthcare,0.4,0.0,0.2,0.7,0.5
876,employed,0.5,0.2,0.0,0.0,0.1
877,healthcare,0.3,0.0,0.0,0.9,0.1
878,employed,0.3,0.5,0.0,0.0,0.5
879,employed,0.3,0.5,0.0,0.0,0.6
880,employed,0.3,0.6,0.0,0.0,0.6
881,student,0.5,0.0,0.0,0.0,0.6
882,unemployed,0.7,0.2,0.0,0.0,0.1
883,student,0.5,0.2,0.8,0.0,0.0
884,employed,0.2,0.8,0.0,0.0,0.5
885,unemployed,0.6,0.0,0.0,0.0,0.5
886,student,0.5,0.2,0.5,0.0,0.0
887,employed,0.9,0.2,0.0,0.0,0.2
888,unemployed,0.6,0.0,0.0,0.0,0.1
889,employed,0.9,0.0,0.0,0.0,0.2
890,student,0.8,0.2,0.5,0.0,0.8
891,unemployed,0.7,0.0,0.0,0.0,0.0
892,employed,0.9,0.2,0.0,0.0,0.2
893,student,0.5,0.0,0.5,0.0,0.1
894,healthcare,0.3,0.0,0.0,0.9,0.1
895,healthcare,0.3,0.0,0.0,0.9,0.0
896,healthcare,0.1,0.0,0.0,0.9,0.0
897,healthcare,0.3,0.0,0.0,0.9,0.1
898,employed,0.9,0.0,0.0,0.0,0.0
899,student,0.7,0.0,0.0,0.0,0.1
900,employed,0.9,0.0,0.0,0.0,0.2
901,employed,0.9,0.2,0.0,0.0,0.2
902,unemployed,0.6,0.0,0.0,0.0,0.5
903,student,0.6,0.0,0.0,0.0,0.6
904,healthcare,0.1,0.0,0.0,0.9,0.1
905,unemployed,0.9,0.2,0.0,0.0,0.2
906,employed,0.5,0.2,0.0,0.0,0.2
907,healthcare,0.3,0.0,0.0,0.9,0.1
908,unemployed,0.6,0.2,0.0,0.0,0.2
909,unemployed,0.7,0.2,0.0,0.0,0.5
910,student,0.7,0.2,0.0,0.0,0.0
911,healthcare,0.3,0.0,0.0,0.9,0.1
912,healthcare,0.1,0.0,0.0,0.9,0.0
913,student,0.9,0.0,0.5,0.0,0.6
914,student,0.7,0.2,0.0,0.0,0.0
915,healthcare,0.4,0.0,0.0,0.5,0.5
916,student,0.6,0.2,0.8,0.0,0.1
917,employed,0.8,0.2,0.0,0.0,0.2
918,unemployed,0.8,0.2,0.0,0.0,0.2
919,employed,0.7,0.2,0.0,0.0,0.2
920,employed,0.8,0.0,0.0,0.0,0.1
921,unemployed,0.6,0.0,0.0,0.0,0.0
922,unemployed,0.7,0.2,0.0,0.0,0.5
923,employed,0.7,0.2,0.0,0.0,0.2
924,healthcare,0.2,0.0,0.0,0.9,0.0
925,unemployed,0.6,0.0,0.0,0.0,0.0
926,student,0.9,0.0,0.0,0.0,0.0
927,unemployed,0.9,0.0,0.0,0.0,0.2
928,healthcare,0.5,0.0,0.0,0.5,0.4
929,employed,0.5,0.0,0.0,0.0,0.2
930,healthcare,0.2,0.0,0.0,0.9,0.0
931,student,0.5,0.0,0.5,0.0,0.5
932,unemployed,0.6,0.0,0.0,0.0,0.5
933,healthcare,0.4,0.0,0.2,0.7,0.4
934,student,0.8,0.2,0.0,0.0,0.6
935,healthcare,0.3,0.0,0.0,0.9,0.1
936,unemployed,0.6,0.2,0.0,0.0,0.0
937,employed,0.2,0.7,0.0,0.0,0.2
938,unemployed,0.6,0.0,0.0,0.0,0.1
939,student,0.7,0.0,0.0,0.0,0.1
940,student,0.9,0.0,0.5,0.0,0.5
941,healthcare,0.5,0.0,0.2,0.7,0.5
942,employed,0.7,0.0,0.0,0.0,0.2
943,unemployed,0.8,0.2,0.0,0.0,0.0
944,employed,0.7,0.2,0.0,0.0,0.0
945,unemployed,0.6,0.2,0.0,0.0,0.2
946,healthcare,0.1,0.0,0.0,0.9,0.0
947,employed,0.5,0.2,0.0,0.0,0.0
948,unemployed,0.6,0.2,0.0,0.0,0.5
949,unemployed,0.8,0.2,0.0,0.0,0.5
950,unemployed,0.7,0.2,0.0,0.0,0.1
951,employed,0.7,0.0,0.0,0.0,0.0
952,student,0.6,0.0,0.5,0.0,0.2
953,unemployed,0.7,0.2,0.0,0.0,0.5
954,unemployed,0.9,0.0,0.0,0.0,0.0
955,unemployed,0.6,0.0,0.0,0.0,0.2
956,healthcare,0.4,0.0,0.0,0.7,0.4
957,employed,0.5,0.2,0.0,0.0,0.1
958,unemployed,0.6,0.0,0.0,0.0,0.0
959,unemployed,0.7,0.0,0.0,0.0,0.0
960,employed,0.2,0.5,0.0,0.0,0.6
961,unemployed,0.8,0.0,0.0,0.0,0.0
962,unemployed,0.8,0.2,0.0,0.0,0.2
963,healthcare,0.2,0.0,0.0,0.9,0.1
964,employed,0.8,0.0,0.0,0.0,0.2
965,student,0.9,0.2,0.8,0.0,0.2
966,healthcare,0.5,0.0,0.0,0.7,0.5
967,healthcare,0.1,0.0,0.0,0.9,0.1
968,student,0.8,0.0,0.5,0.0,0.8
969,unemployed,0.8,0.0,0.0,0.0,0.5
970,unemployed,0.7,0.2,0.0,0.0,0.0
971,healthcare,0.4,0.0,0.2,0.7,0.5
972,student,0.5,0.2,0.8,0.0,0.8
973,employed,0.2,0.7,0.0,0.0,0.6
974,employed,0.9,0.0,0.0,0.0,0.0
975,unemployed,0.6,0.0,0.0,0.0,0.0
976,employed,0.9,0.0,0.0,0.0,0.0
977,healthcare,0.5,0.0,0.2,0.5,0.5
978,student,0.7,0.2,0.5,0.0,0.6
979,employed,0.3,0.8,0.0,0.0,0.2
980,student,0.7,0.2,0.0,0.0,0.0
981,unemployed,0.8,0.2,0.0,0.0,0.1
982,student,0.9,0.2,0.5,0.0,0.1
983,student,0.7,0.2,0.0,0.0,0.6
984,unemployed,0.6,0.0,0.0,0.0,0.1
985,unemployed,0.9,0.0,0.0,0.0,0.2
986,employed,0.8,0.2,0.0,0.0,0.1
987,student,0.7,0.0,0.0,0.0,0.1
988,unemployed,0.7,0.2,0.0,0.0,0.1
989,student,0.8,0.0,0.8,0.0,0.1
990,student,0.8,0.2,0.8,0.0,0.2
991,student,0.8,0.0,0.8,0.0,0.8
992,student,0.8,0.2,0.0,0.0,0.5
993,employed,0.7,0.0,0.0,0.0,0.1
994,unemployed,0.8,0.2,0.0,0.0,0.5
995,healthcare,0.2,0.0,0.0,0.9,0.0
996,student,0.9,0.2,0.0,0.0,0.1
997,healthcare,0.4,0.0,0.0,0.7,0.4
998,employed,0.8,0.0,0.0,0.0,0.1
999,healthcare,0.3,0.0,0.0,0.9,0.0
1000,unemployed,0.7,0.0,0.0,0.0,0.1
1001,healthcare,0.2,0.0,0.0,0.9,0.0
1002,student,0.8,0.0,0.0,0.0,0.0
1003,employed,0.9,0.2,0.0,0.0,0.2
1004,healthcare,0.4,0.0,0.2,0.7,0.4
1005,unemployed,0.6,0.0,0.0,0.0,0.1
1006,healthcare,0.5,0.0,0.2,0.7,0.4
1007,student,0.8,0.2,0.5,0.0,0.2
1008,unemployed,0.6,0.0,0.0,0.0,0.2
1009,healthcare,0.3,0.0,0.0,0.9,0.0
1010,healthcare,0.4,0.0,0.0,0.7,0.5
1011,employed,0.7,0.2,0.0,0.0,0.1
1012,healthcare,0.3,0.0,0.0,0.9,0.1
1013,student,0.5,0.0,0.0,0.0,0.5
1014,healthcare,0.5,0.0,0.2,0.7,0.4
1015,student,0.8,0.2,0.5,0.0,0.0
1016,student,0.5,0.0,0.5,0.0,0.8
1017,healthcare,0.2,0.0,0.0,0.9,0.0
1018,student,0.7,0.0,0.0,0.0,0.0
1019,employed,0.8,0.0,0.0,0.0,0.0
1020,employed,0.2,0.6,0.0,0.0,0.2
1021,employed,0.2,0.7,0.0,0.0,0.5
1022,unemployed,0.9,0.2,0.0,0.0,0.1
1023,employed,0.5,0.0,0.0,0.0,0.1
1024,employed,0.5,0.0,0.0,0.0,0.2
1025,healthcare,0.5,0.0,0.2,0.5,0.5
1026,student,0.8,0.2,0.5,0.0,0.6
1027,employed,0.2,0.5,0.0,0.0,0.2
1028,employed,0.7,0.2,0.0,0.0,0.0
1029,unemployed,0.7,0.2,0.0,0.0,0.2
1030,healthcare,0.5,0.0,0.0,0.5,0.4
1031,unemployed,0.6,0.2,0.0,0.0,0.2
1032,employed,0.2,0.5,0.0,0.0,0.2
1033,healthcare,0.4,0.0,0.0,0.7,0.4
1034,healthcare,0.2,0.0,0.0,0.9,0.1
1035,unemployed,0.8,0.2,0.0,0.0,0.5
1036,unemployed,0.9,0.0,0.0,0.0,0.5
1037,student,0.8,0.0,0.8,0.0,0.0
1038,unemployed,0.8,0.2,0.0,0.0,0.1
1039,employed,0.7,0.0,0.0,0.0,0.0
1040,employed,0.7,0.2,0.0,0.0,0.2
1041,unemployed,0.6,0.2,0.0,0.0,0.0
1042,student,0.9,0.2,0.8,0.0,0.8
1043,unemployed,0.6,0.2,0.0,0.0,0.2
1044,healthcare,0.4,0.0,0.0,0.5,0.5
1045,employed,0.7,0.2,0.0,0.0,0.0
1046,healthcare,0.3,0.0,0.0,0.9,0.0
1047,employed,0.3,0.7,0.0,0.0,0.5
1048,employed,0.7,0.2,0.0,0.0,0.2
1049,unemployed,0.7,0.2,0.0,0.0,0.2
1050,unemployed,0.7,0.2,0.0,0.0,0.0
1051,employed,0.8,0.0,0.0,0.0,0.1
1052,healthcare,0.3,0.0,0.0,0.9,0.0
1053,student,0.6,0.0,0.8,0.0,0.1
1054,student,0.6,0.0,0.8,0.0,0.8
1055,student,0.9,0.0,0.5,0.0,0.5
1056,employed,0.3,0.5,0.0,0.0,0.2
1057,employed,0.9,0.2,0.0,0.0,0.2
1058,employed,0.3,0.5,0.0,0.0,0.6
1059,employed,0.3,0.8,0.0,0.0,0.2
1060,healthcare,0.3,0.0,0.0,0.9,0.0
1061,healthcare,0.2,0.0,0.0,0.9,0.1
1062,unemployed,0.6,0.2,0.0,0.0,0.0
1063,student,0.5,0.0,0.0,0.0,0.5
1064,unemployed,0.8,0.2,0.0,0.0,0.2
1065,healthcare,0.2,0.0,0.0,0.9,0.0
1066,healthcare,0.4,0.0,0.0,0.5,0.4
1067,student,0.6,0.0,0.5,0.0,0.2
1068,healthcare,0.4,0.0,0.2,0.7,0.4
1069,student,0.5,0.0,0.5,0.0,0.5
1070,healthcare,0.4,0.0,0.0,0.7,0.5
1071,healthcare,0.4,0.0,0.2,0.7,0.5
1072,student,0.7,0.0,0.8,0.0,0.2
1073,student,0.7,0.0,0.0,0.0,0.6
1074,student,0.7,0.0,0.5,0.0,0.8
1075,healthcare,0.5,0.0,0.0,0.7,0.5
1076,unemployed,0.9,0.2,0.0,0.0,0.2
1077,employed,0.5,0.0,0.0,0.0,0.1
1078,healthcare,0.5,0.0,0.2,0.5,0.4
1079,student,0.6,0.2,0.8,0.0,0.5
1080,student,0.6,0.2,0.8,0.0,0.6
1081,employed,0.8,0.0,0.0,0.0,0.0
1082,healthcare,0.4,0.0,0.0,0.7,0.5
1083,unemployed,0.7,0.2,0.0,0.0,0.1
1084,healthcare,0.3,0.0,0.0,0.9,0.0
1085,unemployed,0.7,0.0,0.0,0.0,0.2
1086,student,0.7,0.2,0.0,0.0,0.8
1087,unemployed,0.9,0.0,0.0,0.0,0.0
1088,healthcare,0.4,0.0,0.2,0.5,0.4
1089,unemployed,0.9,0.2,0.0,0.0,0.2
1090,healthcare,0.5,0.0,0.2,0.5,0.4
1091,healthcare,0.4,0.0,0.0,0.5,0.4
1092,healthcare,0.1,0.0,0.0,0.9,0.0
1093,student,0.6,0.0,0.8,0.0,0.5
1094,unemployed,0.9,0.2,0.0,0.0,0.5
1095,healthcare,0.2,0.0,0.0,0.9,0.0
1096,student,0.7,0.0,0.5,0.0,0.1
1097,healthcare,0.4,0.0,0.2,0.7,0.5
1098,unemployed,0.9,0.2,0.0,0.0,0.5
1099,healthcare,0.3,0.0,0.0,0.9,0.1
1100,unemployed,0.9,0.0,0.0,0.0,0.5
1101,employed,0.9,0.0,0.0,0.0,0.1
1102,student,0.8,0.0,0.0,0.0,0.5
1103,healthcare,0.1,0.0,0.0,0.9,0.1
1104,student,0.9,0.2,0.0,0.0,0.1
1105,employed,0.7,0.2,0.0,0.0,0.2
1106,employed,0.2,0.5,0.0,0.0,0.5
1107,unemployed,0.6,0.0,0.0,0.0,0.1
1108,healthcare,0.2,0.0,0.0,0.9,0.1
1109,employed,0.9,0.2,0.0,0.0,0.2
1110,unemployed,0.9,0.0,0.0,0.0,0.5
1111,unemployed,0.6,0.2,0.0,0.0,0.5
1112,student,0.6,0.2,0.0,0.0,0.5
1113,student,0.9,0.0,0.0,0.0,0.0
1114,employed,0.2,0.5,0.0,0.0,0.5
1115,employed,0.9,0.2,0.0,0.0,0.0
1116,unemployed,0.7,0.2,0.0,0.0,0.0
1117,employed,0.7,0.2,0.0,0.0,0.2
1118,unemployed,0.8,0.0,0.0,0.0,0.5
1119,student,0.6,0.0,0.5,0.0,0.5
1120,student,0.7,0.2,0.8,0.0,0.5
1121,healthcare,0.2,0.0,0.0,0.9,0.1
1122,unemployed,0.7,0.2,0.0,0.0,0.0
1123,unemployed,0.7,0.0,0.0,0.0,0.5
1124,student,0.6,0.0,0.8,0.0,0.6
1125,employed,0.8,0.2,0.0,0.0,0.2
1126,employed,0.8,0.2,0.0,0.0,0.1
1127,unemployed,0.8,0.2,0.0,0.0,0.1
1128,student,0.8,0.0,0.5,0.0,0.8
1129,employed,0.2,0.7,0.0,0.0,0.5
1130,healthcare,0.4,0.0,0.2,0.5,0.5
1131,student,0.9,0.0,0.5,0.0,0.6
1132,employed,0.2,0.8,0.0,0.0,0.2
1133,employed,0.3,0.7,0.0,0.0,0.6
1134,unemployed,0.7,0.0,0.0,0.0,0.1
1135,employed,0.5,0.2,0.0,0.0,0.0
1136,healthcare,0.1,0.0,0.0,0.9,0.0
1137,healthcare,0.4,0.0,0.0,0.5,0.5
1138,healthcare,0.1,0.0,0.0,0.9,0.0
1139,student,0.7,0.2,0.0,0.0,0.5
1140,unemployed,0.7,0.2,0.0,0.0,0.0
1141,student,0.6,0.0,0.5,0.0,0.6
1142,student,0.9,0.2,0.0,0.0,0.6
1143,unemployed,0.8,0.0,0.0,0.0,0.5
1144,unemployed,0.8,0.0,0.0,0.0,0.0
1145,employed,0.8,0.2,0.0,0.0,0.0
1146,unemployed,0.8,0.0,0.0,0.0,0.5
1147,unemployed,0.8,0.0,0.0,0.0,0.1
1148,healthcare,0.1,0.0,0.0,0.9,0.0
1149,unemployed,0.7,0.0,0.0,0.0,0.5
1150,employed,0.2,0.6,0.0,0.0,0.5
1151,student,0.8,0.2,0.5,0.0,0.5
1152,employed,0.2,0.5,0.0,0.0,0.2
1153,student,0.5,0.2,0.5,0.0,0.2
1154,unemployed,0.8,0.0,0.0,0.0,0.1
1155,student,0.9,0.0,0.8,0.0,0.2
1156,student,0.9,0.2,0.8,0.0,0.8
1157,healthcare,0.2,0.0,0.0,0.9,0.0
1158,unemployed,0.6,0.2,0.0,0.0,0.5
1159,healthcare,0.5,0.0,0.2,0.7,0.4
1160,unemployed,0.8,0.0,0.0,0.0,0.0
1161,student,0.9,0.0,0.5,0.0,0.5
1162,healthcare,0.2,0.0,0.0,0.9,0.0
1163,unemployed,0.8,0.0,0.0,0.0,0.1
1164,student,0.5,0.2,0.8,0.0,0.1
1165,student,0.5,0.2,0.0,0.0,0.0
1166,employed,0.3,0.5,0.0,0.0,0.2
1167,employed,0.2,0.5,0.0,0.0,0.2
1168,student,0.9,0.0,0.0,0.0,0.6
1169,student,0.6,0.0,0.5,0.0,0.8
1170,employed,0.9,0.2,0.0,0.0,0.1
1171,unemployed,0.7,0.2,0.0,0.0,0.0
1172,healthcare,0.1,0.0,0.0,0.9,0.1
1173,employed,0.9,0.0,0.0,0.0,0.1
1174,unemployed,0.9,0.2,0.0,0.0,0.2
1175,employed,0.9,0.0,0.0,0.0,0.2
1176,healthcare,0.2,0.0,0.0,0.9,0.0
1177,unemployed,0.8,0.0,0.0,0.0,0.0
1178,student,0.9,0.2,0.0,0.0,0.6
1179,employed,0.8,0.0,0.0,0.0,0.1
1180,employed,0.3,0.5,0.0,0.0,0.5
1181,healthcare,0.3,0.0,0.0,0.9,0.0
1182,healthcare,0.2,0.0,0.0,0.9,0.0
1183,unemployed,0.7,0.2,0.0,0.0,0.1
1184,unemployed,0.7,0.0,0.0,0.0,0.2
1185,employed,0.7,0.2,0.0,0.0,0.0
1186,employed,0.8,0.2,0.0,0.0,0.1
1187,healthcare,0.3,0.0,0.0,0.9,0.1
1188,unemployed,0.7,0.2,0.0,0.0,0.0
1189,student,0.6,0.0,0.8,0.0,0.5
1190,healthcare,0.4,0.0,0.2,0.7,0.5
1191,employed,0.3,0.5,0.0,0.0,0.5
1192,employed,0.2,0.8,0.0,0.0,0.2
1193,unemployed,0.8,0.2,0.0,0.0,0.2
1194,employed,0.8,0.0,0.0,0.0,0.1
1195,employed,0.9,0.0,0.0,0.0,0.0
1196,healthcare,0.3,0.0,0.0,0.9,0.1
1197,unemployed,0.8,0.0,0.0,0.0,0.2
1198,employed,0.5,0.0,0.0,0.0,0.0
1199,healthcare,0.4,0.0,0.0,0.5,0.5
1200,employed,0.2,0.6,0.0,0.0,0.2
1201,student,0.9,0.2,0.5,0.0,0.6
1202,healthcare,0.1,0.0,0.0,0.9,0.1
1203,employed,0.9,0.2,0.0,0.0,0.2
1204,student,0.5,0.2,0.0,0.0,0.0
1205,student,0.8,0.2,0.8,0.0,0.0
1206,unemployed,0.9,0.2,0.0,0.0,0.0
1207,employed,0.9,0.2,0.0,0.0,0.0
1208,student,0.9,0.0,0.8,0.0,0.6
1209,healthcare,0.4,0.0,0.2,0.7,0.5
1210,healthcare,0.4,0.0,0.2,0.5,0.4
1211,unemployed,0.8,0.2,0.0,0.0,0.2
1212,healthcare,0.5,0.0,0.2,0.7,0.4
1213,employed,0.8,0.0,0.0,0.0,0.0
1214,student,0.7,0.0,0.5,0.0,0.1
1215,student,0.7,0.0,0.8,0.0,0.6
1216,employed,0.8,0.2,0.0,0.0,0.1
1217,employed,0.7,0.0,0.0,0.0,0.1
1218,healthcare,0.2,0.0,0.0,0.9,0.1
1219,healthcare,0.4,0.0,0.0,0.7,0.4
1220,unemployed,0.9,0.0,0.0,0.0,0.0
1221,healthcare,0.1,0.0,0.0,0.9,0.0
1222,employed,0.2,0.6,0.0,0.0,0.6
1223,student,0.9,0.0,0.0,0.0,0.1
1224,unemployed,0.8,0.0,0.0,0.0,0.2
1225,student,0.6,0.0,0.8,0.0,0.1
1226,employed,0.5,0.0,0.0,0.0,0.0
1227,student,0.6,0.2,0.0,0.0,0.8
1228,employed,0.5,0.2,0.0,0.0,0.2
1229,student,0.9,0.2,0.0,0.0,0.8
1230,employed,0.2,0.8,0.0,0.0,0.5
1231,student,0.6,0.0,0.0,0.0,0.2
1232,healthcare,0.3,0.0,0.0,0.9,0.1
1233,student,0.7,0.0,0.5,0.0,0.0
1234,student,0.7,0.0,0.0,0.0,0.8
1235,employed,0.3,0.5,0.0,0.0,0.6
1236,employed,0.7,0.0,0.0,0.0,0.0
1237,unemployed,0.8,0.0,0.0,0.0,0.2
1238,healthcare,0.1,0.0,0.0,0.9,0.1
1239,unemployed,0.9,0.2,0.0,0.0,0.0
1240,student,0.6,0.2,0.5,0.0,0.8
1241,employed,0.3,0.7,0.0,0.0,0.5
1242,student,0.5,0.2,0.0,0.0,0.2
1243,employed,0.5,0.0,0.0,0.0,0.0
1244,employed,0.3,0.5,0.0,0.0,0.2
1245,unemployed,0.7,0.0,0.0,0.0,0.0
1246,healthcare,0.4,0.0,0.2,0.5,0.5
1247,healthcare,0.4,0.0,0.2,0.7,0.4
1248,employed,0.7,0.0,0.0,0.0,0.2
1249,student,0.6,0.0,0.8,0.0,0.5
1250,employed,0.9,0.2,0.0,0.0,0.0
1251,student,0.7,0.2,0.0,0.0,0.2
1252,employed,0.8,0.0,0.0,0.0,0.1
1253,student,0.6,0.0,0.0,0.0,0.1
1254,student,0.7,0.2,0.8,0.0,0.2
1255,employed,0.9,0.2,0.0,0.0,0.0
1256,employed,0.2,0.8,0.0,0.0,0.2
1257,unemployed,0.6,0.0,0.0,0.0,0.0
1258,unemployed,0.7,0.0,0.0,0.0,0.5
1259,unemployed,0.8,0.0,0.0,0.0,0.5
1260,student,0.7,0.0,0.5,0.0,0.6
1261,healthcare,0.2,0.0,0.0,0.9,0.0
1262,healthcare,0.2,0.0,0.0,0.9,0.1
1263,employed,0.3,0.7,0.0,0.0,0.2
1264,employed,0.5,0.0,0.0,0.0,0.0
1265,employed,0.3,0.5,0.0,0.0,0.6
1266,employed,0.9,0.2,0.0,0.0,0.0
1267,student,0.5,0.2,0.0,0.0,0.6
1268,employed,0.2,0.8,0.0,0.0,0.2
1269,unemployed,0.7,0.0,0.0,0.0,0.0
1270,healthcare,0.1,0.0,0.0,0.9,0.0
1271,healthcare,0.1,0.0,0.0,0.9,0.1
1272,employed,0.8,0.2,0.0,0.0,0.1
1273,healthcare,0.2,0.0,0.0,0.9,0.0
1274,student,0.7,0.0,0.0,0.0,0.8
1275,student,0.8,0.2,0.0,0.0,0.5
1276,student,0.6,0.0,0.8,0.0,0.6
1277,unemployed,0.7,0.0,0.0,0.0,0.5
1278,unemployed,0.8,0.0,0.0,0.0,0.5
1279,student,0.6,0.2,0.8,0.0,0.6
1280,student,0.5,0.2,0.0,0.0,0.0
1281,unemployed,0.6,0.2,0.0,0.0,0.0
1282,student,0.7,0.0,0.0,0.0,0.2
1283,employed,0.3,0.6,0.0,0.0,0.2
1284,employed,0.3,0.6,0.0,0.0,0.5
1285,employed,0.7,0.0,0.0,0.0,0.2
1286,healthcare,0.5,0.0,0.2,0.7,0.5
1287,unemployed,0.9,0.0,0.0,0.0,0.1
1288,healthcare,0.2,0.0,0.0,0.9,0.0
1289,healthcare,0.1,0.0,0.0,0.9,0.1
1290,student,0.6,0.0,0.0,0.0,0.6
1291,employed,0.7,0.0,0.0,0.0,0.0
1292,employed,0.3,0.5,0.0,0.0,0.6
1293,healthcare,0.1,0.0,0.0,0.9,0.0
1294,healthcare,0.4,0.0,0.2,0.7,0.5
1295,healthcare,0.2,0.0,0.0,0.9,0.1
1296,employed,0.9,0.2,0.0,0.0,0.0
1297,student,0.9,0.2,0.5,0.0,0.0
1298,unemployed,0.7,0.2,0.0,0.0,0.0
1299,healthcare,0.3,0.0,0.0,0.9,0.1
1300,healthcare,0.4,0.0,0.0,0.5,0.5
1301,student,0.8,0.2,0.5,0.0,0.0
1302,unemployed,0.9,0.2,0.0,0.0,0.1
1303,employed,0.3,0.6,0.0,0.0,0.6
1304,healthcare,0.4,0.0,0.2,0.5,0.4
1305,unemployed,0.6,0.2,0.0,0.0,0.5
1306,student,0.6,0.2,0.8,0.0,0.1
1307,healthcare,0.3,0.0,0.0,0.9,0.1
1308,student,0.5,0.0,0.0,0.0,0.8
1309,employed,0.5,0.2,0.0,0.0,0.2
1310,healthcare,0.1,0.0,0.0,0.9,0.1
1311,student,0.9,0.2,0.5,0.0,0.6
1312,healthcare,0.3,0.0,0.0,0.9,0.0
1313,healthcare,0.2,0.0,0.0,0.9,0.0
1314,unemployed,0.9,0.0,0.0,0.0,0.5
1315,employed,0.8,0.0,0.0,0.0,0.1
1316,employed,0.3,0.8,0.0,0.0,0.5
1317,unemployed,0.9,0.2,0.0,0.0,0.5
1318,employed,0.5,0.0,0.0,0.0,0.1
1319,employed,0.9,0.0,0.0,0.0,0.2
1320,employed,0.3,0.6,0.0,0.0,0.5
1321,unemployed,0.6,0.2,0.0,0.0,0.2
1322,employed,0.9,0.0,0.0,0.0,0.0
1323,student,0.6,0.2,0.5,0.0,0.6
1324,unemployed,0.6,0.0,0.0,0.0,0.0
1325,employed,0.8,0.2,0.0,0.0,0.1
1326,healthcare,0.5,0.0,0.2,0.7,0.4
1327,student,0.5,0.0,0.5,0.0,0.5
1328,unemployed,0.9,0.2,0.0,0.0,0.0
1329,unemployed,0.8,0.0,0.0,0.0,0.5
1330,unemployed,0.9,0.0,0.0,0.0,0.2
1331,employed,0.8,0.0,0.0,0.0,0.0
1332,healthcare,0.4,0.0,0.2,0.7,0.4
1333,student,0.7,0.2,0.5,0.0,0.6
1334,healthcare,0.5,0.0,0.2,0.5,0.5
1335,healthcare,0.5,0.0,0.2,0.7,0.5
1336,employed,0.7,0.2,0.0,0.0,0.2
1337,employed,0.7,0.0,0.0,0.0,0.2
1338,healthcare,0.3,0.0,0.0,0.9,0.0
1339,student,0.8,0.0,0.0,0.0,0.5
1340,healthcare,0.4,0.0,0.2,0.7,0.5
1341,student,0.9,0.0,0.0,0.0,0.8
1342,unemployed,0.6,0.0,0.0,0.0,0.1
1343,unemployed,0.6,0.2,0.0,0.0,0.2
1344,healthcare,0.2,0.0,0.0,0.9,0.0
1345,healthcare,0.1,0.0,0.0,0.9,0.0
1346,employed,0.5,0.2,0.0,0.0,0.1
1347,healthcare,0.3,0.0,0.0,0.9,0.1
1348,unemployed,0.8,0.0,0.0,0.0,0.2
1349,student,0.5,0.0,0.0,0.0,0.0
1350,student,0.8,0.0,0.8,0.0,0.8
1351,student,0.6,0.0,0.5,0.0,0.5
1352,healthcare,0.5,0.0,0.0,0.7,0.4
1353,employed,0.9,0.2,0.0,0.0,0.2
1354,unemployed,0.6,0.0,0.0,0.0,0.2
1355,unemployed,0.7,0.2,0.0,0.0,0.0
1356,healthcare,0.3,0.0,0.0,0.9,0.0
1357,employed,0.9,0.0,0.0,0.0,0.1
1358,student,0.9,0.0,0.8,0.0,0.6
1359,healthcare,0.3,0.0,0.0,0.9,0.1
1360,student,0.6,0.0,0.5,0.0,0.0
1361,healthcare,0.2,0.0,0.0,0.9,0.1
1362,student,0.9,0.0,0.5,0.0,0.2
1363,healthcare,0.5,0.0,0.0,0.7,0.4
1364,unemployed,0.9,0.2,0.0,0.0,0.0
1365,student,0.6,0.0,0.5,0.0,0.6
1366,healthcare,0.3,0.0,0.0,0.9,0.1
1367,student,0.7,0.0,0.8,0.0,0.2
1368,student,0.9,0.2,0.5,0.0,0.8
1369,healthcare,0.3,0.0,0.0,0.9,0.0
1370,healthcare,0.2,0.0,0.0,0.9,0.1
1371,healthcare,0.5,0.0,0.0,0.7,0.4
1372,unemployed,0.8,0.0,0.0,0.0,0.2
1373,healthcare,0.4,0.0,0.2,0.7,0.5
1374,employed,0.7,0.2,0.0,0.0,0.1
1375,healthcare,0.5,0.0,0.2,0.5,0.4
1376,employed,0.7,0.2,0.0,0.0,0.2
1377,student,0.9,0.2,0.8,0.0,0.5
1378,healthcare,0.3,0.0,0.0,0.9,0.1
1379,employed,0.8,0.0,0.0,0.0,0.1
1380,unemployed,0.6,0.0,0.0,0.0,0.1
1381,unemployed,0.8,0.0,0.0,0.0,0.2
1382,unemployed,0.7,0.0,0.0,0.0,0.5
1383,unemployed,0.9,0.2,0.0,0.0,0.2
1384,unemployed,0.9,0.0,0.0,0.0,0.1
1385,employed,0.2,0.5,0.0,0.0,0.5
1386,healthcare,0.1,0.0,0.0,0.9,0.1
1387,healthcare,0.5,0.0,0.0,0.5,0.4
1388,student,0.5,0.0,0.5,0.0,0.5
1389,unemployed,0.7,0.2,0.0,0.0,0.1
1390,healthcare,0.4,0.0,0.0,0.7,0.4
1391,employed,0.2,0.6,0.0,0.0,0.6
1392,unemployed,0.7,0.2,0.0,0.0,0.2
1393,healthcare,0.1,0.0,0.0,0.9,0.1
1394,student,0.8,0.2,0.5,0.0,0.0
1395,employed,0.3,0.5,0.0,0.0,0.2
1396,student,0.7,0.2,0.8,0.0,0.6
1397,student,0.7,0.2,0.5,0.0,0.2
1398,student,0.9,0.0,0.8,0.0,0.6
1399,healthcare,0.5,0.0,0.2,0.7,0.5
1400,healthcare,0.1,0.0,0.0,0.9,0.0
1401,employed,0.9,0.0,0.0,0.0,0.1
1402,healthcare,0.3,0.0,0.0,0.9,0.1
1403,student,0.7,0.0,0.0,0.0,0.0
1404,healthcare,0.5,0.0,0.0,0.7,0.5
1405,student,0.7,0.2,0.5,0.0,0.2
1406,employed,0.9,0.2,0.0,0.0,0.2
1407,student,0.6,0.2,0.0,0.0,0.5
1408,unemployed,0.8,0.0,0.0,0.0,0.5
1409,healthcare,0.5,0.0,0.2,0.5,0.5
1410,student,0.6,0.0,0.0,0.0,0.8
1411,unemployed,0.8,0.2,0.0,0.0,0.0
1412,student,0.6,0.0,0.5,0.0,0.0
1413,healthcare,0.1,0.0,0.0,0.9,0.0
1414,unemployed,0.7,0.2,0.0,0.0,0.1
1415,employed,0.3,0.8,0.0,0.0,0.6
1416,student,0.7,0.2,0.8,0.0,0.1
1417,unemployed,0.7,0.0,0.0,0.0,0.2
1418,unemployed,0.7,0.0,0.0,0.0,0.0
1419,healthcare,0.5,0.0,0.2,0.7,0.4
1420,student,0.8,0.2,0.8,0.0,0.0
1421,unemployed,0.6,0.0,0.0,0.0,0.2
1422,employed,0.3,0.6,0.0,0.0,0.5
1423,unemployed,0.9,0.0,0.0,0.0,0.1
1424,student,0.6,0.0,0.5,0.0,0.0
1425,employed,0.3,0.7,0.0,0.0,0.5
1426,unemployed,0.7,0.2,0.0,0.0,0.0
1427,healthcare,0.2,0.0,0.0,0.9,0.1
1428,student,0.6,0.0,0.0,0.0,0.8
1429,healthcare,0.5,0.0,0.2,0.7,0.4
1430,unemployed,0.7,0.0,0.0,0.0,0.5
1431,unemployed,0.9,0.2,0.0,0.0,0.5
1432,healthcare,0.4,0.0,0.0,0.5,0.4
1433,unemployed,0.6,0.0,0.0,0.0,0.5
1434,healthcare,0.3,0.0,0.0,0.9,0.0
1435,student,0.6,0.0,0.0,0.0,0.2
1436,student,0.6,0.0,0.0,0.0,0.5
1437,employed,0.3,0.6,0.0,0.0,0.2
1438,employed,0.2,0.5,0.0,0.0,0.5
1439,student,0.8,0.0,0.0,0.0,0.6
1440,healthcare,0.1,0.0,0.0,0.9,0.0
1441,employed,0.2,0.8,0.0,0.0,0.6
1442,unemployed,0.8,0.2,0.0,0.0,0.5
1443,healthcare,0.4,0.0,0.2,0.7,0.5
1444,student,0.9,0.0,0.5,0.0,0.5
1445,employed,0.8,0.2,0.0,0.0,0.0
1446,student,0.6,0.2,0.5,0.0,0.6
1447,unemployed,0.7,0.2,0.0,0.0,0.2
1448,employed,0.8,0.2,0.0,0.0,0.2
1449,unemployed,0.7,0.2,0.0,0.0,0.5
1450,healthcare,0.4,0.0,0.2,0.7,0.5
1451,student,0.7,0.2,0.5,0.0,0.6
1452,student,0.5,0.0,0.0,0.0,0.1
1453,employed,0.5,0.2,0.0,0.0,0.0
1454,employed,0.2,0.7,0.0,0.0,0.6
1455,employed,0.2,0.7,0.0,0.0,0.5
1456,healthcare,0.4,0.0,0.2,0.7,0.5
1457,employed,0.2,0.7,0.0,0.0,0.2
1458,student,0.8,0.2,0.5,0.0,0.0
1459,healthcare,0.3,0.0,0.0,0.9,0.0
1460,healthcare,0.5,0.0,0.0,0.5,0.4
1461,student,0.7,0.2,0.5,0.0,0.8
1462,student,0.8,0.2,0.8,0.0,0.5
1463,healthcare,0.1,0.0,0.0,0.9,0.1
1464,unemployed,0.7,0.2,0.0,0.0,0.1
1465,employed,0.7,0.2,0.0,0.0,0.0
1466,unemployed,0.6,0.2,0.0,0.0,0.2
1467,healthcare,0.3,0.0,0.0,0.9,0.1
1468,unemployed,0.6,0.0,0.0,0.0,0.0
1469,healthcare,0.5,0.0,0.0,0.7,0.5
1470,healthcare,0.2,0.0,0.0,0.9,0.0
1471,employed,0.5,0.0,0.0,0.0,0.0
1472,employed,0.9,0.2,0.0,0.0,0.1
1473,employed,0.9,0.0,0.0,0.0,0.1
1474,student,0.8,0.0,0.0,0.0,0.1
1475,student,0.7,0.2,0.0,0.0,0.5
1476,unemployed,0.7,0.0,0.0,0.0,0.5
1477,student,0.9,0.2,0.0,0.0,0.0
1478,unemployed,0.9,0.2,0.0,0.0,0.1
1479,healthcare,0.1,0.0,0.0,0.9,0.1
1480,student,0.5,0.2,0.5,0.0,0.8
1481,unemployed,0.9,0.0,0.0,0.0,0.5
1482,healthcare,0.5,0.0,0.2,0.7,0.4
1483,employed,0.8,0.2,0.0,0.0,0.1
1484,student,0.5,0.0,0.8,0.0,0.6
1485,unemployed,0.6,0.0,0.0,0.0,0.1
1486,unemployed,0.6,0.2,0.0,0.0,0.1
1487,employed,0.7,0.2,0.0,0.0,0.2
1488,employed,0.2,0.5,0.0,0.0,0.5
1489,unemployed,0.6,0.2,0.0,0.0,0.1
1490,healthcare,0.3,0.0,0.0,0.9,0.1
1491,student,0.5,0.0,0.8,0.0,0.5
1492,healthcare,0.1,0.0,0.0,0.9,0.0
1493,employed,0.7,0.0,0.0,0.0,0.2
1494,unemployed,0.9,0.0,0.0,0.0,0.1
1495,employed,0.2,0.8,0.0,0.0,0.5
1496,student,0.6,0.0,0.8,0.0,0.2
1497,student,0.8,0.2,0.8,0.0,0.2
1498,healthcare,0.5,0.0,0.2,0.5,0.5
1499,healthcare,0.5,0.0,0.0,0.7,0.5
1500,unemployed,0.7,0.0,0.0,0.0,0.2
1501,student,0.9,0.0,0.5,0.0,0.6
1502,unemployed,0.9,0.2,0.0,0.0,0.5
1503,employed,0.7,0.0,0.0,0.0,0.0
1504,student,0.8,0.2,0.5,0.0,0.8
1505,employed,0.5,0.2,0.0,0.0,0.0
1506,healthcare,0.5,0.0,0.2,0.7,0.4
1507,student,0.9,0.0,0.0,0.0,0.1
1508,healthcare,0.5,0.0,0.0,0.5,0.4
1509,unemployed,0.8,0.0,0.0,0.0,0.2
1510,unemployed,0.6,0.2,0.0,0.0,0.5
1511,employed,0.9,0.2,0.0,0.0,0.1
1512,student,0.8,0.0,0.8,0.0,0.6
1513,student,0.6,0.2,0.0,0.0,0.8
1514,student,0.6,0.2,0.8,0.0,0.1
1515,unemployed,0.8,0.0,0.0,0.0,0.0
1516,employed,0.8,0.2,0.0,0.0,0.0
1517,unemployed,0.9,0.0,0.0,0.0,0.1
1518,employed,0.7,0.0,0.0,0.0,0.0
1519,healthcare,0.1,0.0,0.0,0.9,0.1
1520,healthcare,0.4,0.0,0.2,0.7,0.5
1521,unemployed,0.6,0.2,0.0,0.0,0.2
1522,healthcare,0.5,0.0,0.2,0.7,0.4
1523,unemployed,0.9,0.2,0.0,0.0,0.2
1524,unemployed,0.7,0.0,0.0,0.0,0.0
1525,student,0.7,0.2,0.8,0.0,0.5
1526,unemployed,0.7,0.0,0.0,0.0,0.0
1527,unemployed,0.6,0.0,0.0,0.0,0.5
1528,employed,0.3,0.5,0.0,0.0,0.2
1529,employed,0.7,0.0,0.0,0.0,0.2
1530,employed,0.5,0.2,0.0,0.0,0.1
1531,unemployed,0.7,0.0,0.0,0.0,0.2
1532,healthcare,0.2,0.0,0.0,0.9,0.0
1533,unemployed,0.6,0.2,0.0,0.0,0.2
1534,unemployed,0.7,0.2,0.0,0.0,0.5
1535,student,0.7,0.0,0.5,0.0,0.5
1536,unemployed,0.6,0.2,0.0,0.0,0.1
1537,employed,0.3,0.8,0.0,0.0,0.2
1538,employed,0.9,0.0,0.0,0.0,0.2
1539,healthcare,0.4,0.0,0.2,0.5,0.5
1540,employed,0.8,0.0,0.0,0.0,0.1
1541,employed,0.7,0.2,0.0,0.0,0.0
1542,unemployed,0.9,0.0,0.0,0.0,0.0
1543,student,0.6,0.0,0.0,0.0,0.1
1544,healthcare,0.5,0.0,0.0,0.5,0.5
1545,healthcare,0.2,0.0,0.0,0.9,0.1
1546,healthcare,0.2,0.0,0.0,0.9,0.1
1547,employed,0.3,0.6,0.0,0.0,0.5
1548,unemployed,0.6,0.2,0.0,0.0,0.0
1549,healthcare,0.3,0.0,0.0,0.9,0.0
1550,unemployed,0.9,0.0,0.0,0.0,0.5
1551,healthcare,0.4,0.0,0.2,0.5,0.5
1552,unemployed,0.6,0.2,0.0,0.0,0.5
1553,student,0.8,0.2,0.8,0.0,0.2
1554,unemployed,0.7,0.2,0.0,0.0,0.2
1555,employed,0.9,0.2,0.0,0.0,0.2
1556,employed,0.7,0.2,0.0,0.0,0.2
1557,unemployed,0.9,0.2,0.0,0.0,0.5
1558,employed,0.3,0.5,0.0,0.0,0.2
1559,healthcare,0.2,0.0,0.0,0.9,0.0
1560,employed,0.7,0.2,0.0,0.0,0.2
1561,unemployed,0.7,0.2,0.0,0.0,0.1
1562,employed,0.2,0.5,0.0,0.0,0.2
1563,employed,0.9,0.0,0.0,0.0,0.2
1564,employed,0.9,0.2,0.0,0.0,0.1
1565,student,0.8,0.2,0.8,0.0,0.5
1566,student,0.9,0.2,0.5,0.0,0.0
1567,unemployed,0.9,0.2,0.0,0.0,0.2
1568,unemployed,0.9,0.2,0.0,0.0,0.5
1569,student,0.7,0.0,0.5,0.0,0.0
1570,unemployed,0.8,0.0,0.0,0.0,0.2
1571,student,0.7,0.0,0.0,0.0,0.1
1572,employed,0.5,0.0,0.0,0.0,0.2
1573,unemployed,0.6,0.0,0.0,0.0,0.0
1574,student,0.9,0.0,0.5,0.0,0.1
1575,healthcare,0.2,0.0,0.0,0.9,0.0
1576,employed,0.5,0.2,0.0,0.0,0.0
1577,healthcare,0.2,0.0,0.0,0.9,0.1
1578,unemployed,0.7,0.0,0.0,0.0,0.1
1579,unemployed,0.7,0.2,0.0,0.0,0.1
1580,unemployed,0.8,0.2,0.0,0.0,0.2
1581,healthcare,0.5,0.0,0.0,0.7,0.5
1582,student,0.8,0.0,0.8,0.0,0.2
1583,employed,0.7,0.0,0.0,0.0,0.2
1584,healthcare,0.3,0.0,0.0,0.9,0.1
1585,unemployed,0.6,0.0,0.0,0.0,0.2
1586,unemployed,0.7,0.2,0.0,0.0,0.2
1587,healthcare,0.1,0.0,0.0,0.9,0.0
1588,student,0.6,0.2,0.8,0.0,0.5
1589,student,0.8,0.0,0.8,0.0,0.0
1590,unemployed,0.8,0.0,0.0,0.0,0.2
1591,employed,0.7,0.2,0.0,0.0,0.0
1592,healthcare,0.5,0.0,0.0,0.5,0.4
1593,employed,0.8,0.0,0.0,0.0,0.1
1594,employed,0.5,0.0,0.0,0.0,0.2
1595,healthcare,0.2,0.0,0.0,0.9,0.0
1596,employed,0.7,0.0,0.0,0.0,0.1
1597,employed,0.5,0.2,0.0,0.0,0.2
1598,student,0.6,0.0,0.5,0.0,0.8
1599,unemployed,0.9,0.2,0.0,0.0,0.0
1600,student,0.7,0.0,0.5,0.0,0.2
1601,student,0.5,0.0,0.8,0.0,0.6
1602,unemployed,0.9,0.0,0.0,0.0,0.2
1603,student,0.7,0.0,0.8,0.0,0.5
1604,employed,0.9,0.0,0.0,0.0,0.1
1605,unemployed,0.7,0.0,0.0,0.0,0.1
1606,healthcare,0.3,0.0,0.0,0.9,0.1
1607,healthcare,0.2,0.0,0.0,0.9,0.1
1608,unemployed,0.7,0.0,0.0,0.0,0.0
1609,student,0.6,0.2,0.5,0.0,0.6
1610,employed,0.7,0.2,0.0,0.0,0.2
1611,student,0.6,0.2,0.0,0.0,0.6
1612,healthcare,0.5,0.0,0.2,0.7,0.5
1613,unemployed,0.9,0.2,0.0,0.0,0.1
1614,unemployed,0.8,0.2,0.0,0.0,0.0
1615,healthcare,0.2,0.0,0.0,0.9,0.0
1616,healthcare,0.2,0.0,0.0,0.9,0.0
1617,student,0.7,0.2,0.8,0.0,0.2
1618,healthcare,0.3,0.0,0.0,0.9,0.0
1619,employed,0.2,0.8,0.0,0.0,0.2
1620,unemployed,0.7,0.0,0.0,0.0,0.2
1621,student,0.8,0.0,0.5,0.0,0.2
1622,unemployed,0.9,0.0,0.0,0.0,0.0
1623,employed,0.2,0.7,0.0,0.0,0.2
1624,employed,0.8,0.2,0.0,0.0,0.0
1625,employed,0.2,0.6,0.0,0.0,0.6
1626,healthcare,0.4,0.0,0.2,0.7,0.4
1627,employed,0.9,0.0,0.0,0.0,0.0
1628,student,0.8,0.0,0.0,0.0,0.2
1629,employed,0.2,0.6,0.0,0.0,0.5
1630,healthcare,0.3,0.0,0.0,0.9,0.1
1631,student,0.5,0.0,0.8,0.0,0.8
1632,student,0.8,0.0,0.8,0.0,0.6
1633,healthcare,0.2,0.0,0.0,0.9,0.0
1634,unemployed,0.9,0.2,0.0,0.0,0.0
1635,unemployed,0.7,0.0,0.0,0.0,0.5
1636,unemployed,0.9,0.2,0.0,0.0,0.0
1637,employed,0.3,0.7,0.0,0.0,0.2
1638,healthcare,0.4,0.0,0.0,0.5,0.5
1639,employed,0.3,0.8,0.0,0.0,0.2
1640,student,0.7,0.2,0.0,0.0,0.6
1641,healthcare,0.1,0.0,0.0,0.9,0.0
1642,unemployed,0.7,0.2,0.0,0.0,0.2
1643,unemployed,0.9,0.2,0.0,0.0,0.5
1644,unemployed,0.6,0.0,0.0,0.0,0.0
1645,employed,0.3,0.5,0.0,0.0,0.2
1646,student,0.6,0.2,0.5,0.0,0.5
1647,healthcare,0.4,0.0,0.2,0.7,0.5
1648,unemployed,0.8,0.0,0.0,0.0,0.0
1649,unemployed,0.7,0.2,0.0,0.0,0.0
1650,student,0.8,0.0,0.5,0.0,0.2
1651,student,0.6,0.0,0.5,0.0,0.5
1652,employed,0.3,0.7,0.0,0.0,0.2
1653,student,0.5,0.0,0.8,0.0,0.0
1654,unemployed,0.7,0.0,0.0,0.0,0.5
1655,unemployed,0.7,0.0,0.0,0.0,0.5
1656,student,0.7,0.2,0.0,0.0,0.6
1657,student,0.5,0.0,0.0,0.0,0.6
1658,unemployed,0.7,0.0,0.0,0.0,0.1
1659,unemployed,0.6,0.0,0.0,0.0,0.1
1660,employed,0.9,0.2,0.0,0.0,0.1
1661,unemployed,0.7,0.2,0.0,0.0,0.0
1662,employed,0.2,0.6,0.0,0.0,0.6
1663,healthcare,0.1,0.0,0.0,0.9,0.1
1664,student,0.8,0.0,0.8,0.0,0.1
1665,student,0.5,0.2,0.5,0.0,0.1
1666,healthcare,0.1,0.0,0.0,0.9,0.0
1667,unemployed,0.9,0.2,0.0,0.0,0.0
1668,healthcare,0.5,0.0,0.0,0.5,0.4
1669,employed,0.2,0.7,0.0,0.0,0.6
1670,healthcare,0.3,0.0,0.0,0.9,0.0
1671,unemployed,0.9,0.0,0.0,0.0,0.0
1672,healthcare,0.2,0.0,0.0,0.9,0.1
1673,student,0.9,0.0,0.5,0.0,0.5
1674,healthcare,0.1,0.0,0.0,0.9,0.1
1675,employed,0.8,0.0,0.0,0.0,0.0
1676,employed,0.2,0.8,0.0,0.0,0.2
1677,unemployed,0.7,0.2,0.0,0.0,0.1
1678,healthcare,0.5,0.0,0.2,0.7,0.4
1679,healthcare,0.4,0.0,0.2,0.5,0.4
1680,unemployed,0.8,0.2,0.0,0.0,0.0
1681,student,0.9,0.2,0.0,0.0,0.5
1682,employed,0.7,0.0,0.0,0.0,0.0
1683,unemployed,0.6,0.0,0.0,0.0,0.5
1684,student,0.6,0.2,0.5,0.0,0.6
1685,student,0.5,0.0,0.0,0.0,0.2
1686,employed,0.8,0.0,0.0,0.0,0.1
1687,unemployed,0.6,0.0,0.0,0.0,0.1
1688,healthcare,0.2,0.0,0.0,0.9,0.1
1689,unemployed,0.6,0.0,0.0,0.0,0.0
1690,student,0.8,0.0,0.8,0.0,0.0
1691,student,0.8,0.2,0.0,0.0,0.5
1692,unemployed,0.8,0.0,0.0,0.0,0.1
1693,unemployed,0.8,0.2,0.0,0.0,0.2
1694,healthcare,0.4,0.0,0.0,0.7,0.5
1695,healthcare,0.5,0.0,0.0,0.7,0.5
1696,unemployed,0.9,0.2,0.0,0.0,0.0
1697,unemployed,0.6,0.2,0.0,0.0,0.1
1698,student,0.7,0.0,0.5,0.0,0.5
1699,employed,0.5,0.0,0.0,0.0,0.1
1700,employed,0.2,0.6,0.0,0.0,0.5
1701,unemployed,0.8,0.0,0.0,0.0,0.2
1702,healthcare,0.5,0.0,0.2,0.7,0.5
1703,student,0.5,0.0,0.0,0.0,0.5
1704,student,0.5,0.2,0.8,0.0,0.5
1705,employed,0.8,0.0,0.0,0.0,0.1
1706,employed,0.7,0.2,0.0,0.0,0.0
1707,healthcare,0.5,0.0,0.2,0.7,0.5
1708,employed,0.3,0.6,0.0,0.0,0.2
1709,employed,0.3,0.6,0.0,0.0,0.6
1710,student,0.8,0.2,0.0,0.0,0.1
1711,unemployed,0.6,0.2,0.0,0.0,0.5
1712,student,0.6,0.0,0.8,0.0,0.1
1713,student,0.9,0.2,0.0,0.0,0.5
1714,unemployed,0.9,0.0,0.0,0.0,0.1
1715,student,0.9,0.0,0.8,0.0,0.1
1716,employed,0.7,0.0,0.0,0.0,0.2
1717,healthcare,0.2,0.0,0.0,0.9,0.1
1718,unemployed,0.9,0.2,0.0,0.0,0.2
1719,healthcare,0.1,0.0,0.0,0.9,0.0
1720,unemployed,0.6,0.0,0.0,0.0,0.0
1721,healthcare,0.1,0.0,0.0,0.9,0.1
1722,unemployed,0.9,0.2,0.0,0.0,0.1
1723,employed,0.8,0.0,0.0,0.0,0.2
1724,healthcare,0.4,0.0,0.2,0.5,0.5
1725,student,0.6,0.2,0.5,0.0,0.6
1726,student,0.9,0.2,0.0,0.0,0.6
1727,student,0.7,0.2,0.5,0.0,0.2
1728,healthcare,0.5,0.0,0.0,0.5,0.4
1729,healthcare,0.5,0.0,0.0,0.5,0.4
1730,unemployed,0.6,0.2,0.0,0.0,0.2
1731,healthcare,0.5,0.0,0.2,0.5,0.5
1732,healthcare,0.5,0.0,0.2,0.7,0.5
1733,healthcare,0.5,0.0,0.2,0.5,0.4
1734,employed,0.2,0.8,0.0,0.0,0.5
1735,unemployed,0.9,0.2,0.0,0.0,0.2
1736,unemployed,0.9,0.2,0.0,0.0,0.5
1737,student,0.8,0.0,0.0,0.0,0.5
1738,unemployed,0.8,0.2,0.0,0.0,0.2
1739,employed,0.2,0.7,0.0,0.0,0.6
1740,healthcare,0.3,0.0,0.0,0.9,0.1
1741,employed,0.2,0.6,0.0,0.0,0.5
1742,unemployed,0.9,0.2,0.0,0.0,0.0
1743,healthcare,0.4,0.0,0.0,0.7,0.4
1744,student,0.6,0.2,0.0,0.0,0.0
1745,student,0.6,0.2,0.0,0.0,0.0
1746,student,0.9,0.2,0.0,0.0,0.0
1747,student,0.7,0.2,0.8,0.0,0.2
1748,unemployed,0.8,0.2,0.0,0.0,0.1
1749,employed,0.8,0.2,0.0,0.0,0.1
1750,employed,0.2,0.8,0.0,0.0,0.2
1751,unemployed,0.6,0.2,0.0,0.0,0.2
1752,healthcare,0.1,0.0,0.0,0.9,0.1
1753,unemployed,0.7,0.2,0.0,0.0,0.1
1754,healthcare,0.4,0.0,0.0,0.5,0.4
1755,unemployed,0.8,0.2,0.0,0.0,0.2
1756,employed,0.8,0.0,0.0,0.0,0.0
1757,student,0.9,0.0,0.8,0.0,0.5
1758,unemployed,0.8,0.0,0.0,0.0,0.5
1759,student,0.8,0.2,0.8,0.0,0.6
1760,employed,0.2,0.6,0.0,0.0,0.2
1761,employed,0.8,0.2,0.0,0.0,0.0
1762,healthcare,0.2,0.0,0.0,0.9,0.1
1763,employed,0.5,0.2,0.0,0.0,0.1
1764,student,0.5,0.2,0.0,0.0,0.5
1765,student,0.5,0.0,0.0,0.0,0.0
1766,employed,0.3,0.8,0.0,0.0,0.5
1767,unemployed,0.9,0.0,0.0,0.0,0.2
1768,student,0.9,0.2,0.5,0.0,0.2
1769,unemployed,0.8,0.2,0.0,0.0,0.0
1770,employed,0.3,0.5,0.0,0.0,0.5
1771,unemployed,0.6,0.2,0.0,0.0,0.0
1772,employed,0.3,0.5,0.0,0.0,0.2
1773,unemployed,0.7,0.0,0.0,0.0,0.5
1774,unemployed,0.9,0.2,0.0,0.0,0.1
1775,unemployed,0.6,0.2,0.0,0.0,0.5
1776,employed,0.2,0.8,0.0,0.0,0.6
1777,unemployed,0.6,0.2,0.0,0.0,0.5
1778,student,0.7,0.0,0.0,0.0,0.1
1779,unemployed,0.9,0.0,0.0,0.0,0.0
1780,student,0.6,0.2,0.0,0.0,0.8
1781,unemployed,0.9,0.0,0.0,0.0,0.1
1782,employed,0.5,0.2,0.0,0.0,0.0
1783,student,0.8,0.2,0.8,0.0,0.0
1784,employed,0.7,0.2,0.0,0.0,0.2
1785,employed,0.8,0.0,0.0,0.0,0.0
1786,employed,0.5,0.2,0.0,0.0,0.1
1787,healthcare,0.3,0.0,0.0,0.9,0.1
1788,employed,0.9,0.0,0.0,0.0,0.0
1789,student,0.7,0.0,0.8,0.0,0.2
1790,unemployed,0.7,0.2,0.0,0.0,0.0
1791,student,0.8,0.2,0.8,0.0,0.5
1792,healthcare,0.3,0.0,0.0,0.9,0.0
1793,student,0.5,0.2,0.8,0.0,0.1
1794,student,0.7,0.2,0.0,0.0,0.1
1795,student,0.9,0.0,0.5,0.0,0.2
1796,unemployed,0.9,0.2,0.0,0.0,0.1
1797,unemployed,0.9,0.0,0.0,0.0,0.0
1798,student,0.5,0.2,0.8,0.0,0.0
1799,healthcare,0.5,0.0,0.2,0.5,0.4
1800,unemployed,0.9,0.0,0.0,0.0,0.0
1801,unemployed,0.9,0.2,0.0,0.0,0.2
1802,healthcare,0.4,0.0,0.2,0.5,0.5
1803,student,0.7,0.2,0.0,0.0,0.1
1804,unemployed,0.9,0.0,0.0,0.0,0.1
1805,employed,0.3,0.7,0.0,0.0,0.5
1806,employed,0.3,0.6,0.0,0.0,0.5
1807,healthcare,0.3,0.0,0.0,0.9,0.1
1808,unemployed,0.8,0.0,0.0,0.0,0.2
1809,employed,0.8,0.0,0.0,0.0,0.2
1810,student,0.7,0.2,0.0,0.0,0.6
1811,healthcare,0.4,0.0,0.0,0.7,0.4
1812,employed,0.3,0.6,0.0,0.0,0.6
1813,employed,0.7,0.2,0.0,0.0,0.1
1814,unemployed,0.8,0.2,0.0,0.0,0.2
1815,employed,0.9,0.2,0.0,0.0,0.2
1816,student,0.5,0.0,0.5,0.0,0.5
1817,employed,0.7,0.0,0.0,0.0,0.1
1818,healthcare,0.5,0.0,0.0,0.5,0.4
1819,employed,0.9,0.2,0.0,0.0,0.0
1820,employed,0.5,0.0,0.0,0.0,0.0
1821,healthcare,0.5,0.0,0.2,0.7,0.5
1822,unemployed,0.6,0.2,0.0,0.0,0.1
1823,unemployed,0.8,0.2,0.0,0.0,0.5
1824,healthcare,0.1,0.0,0.0,0.9,0.1
1825,employed,0.3,0.5,0.0,0.0,0.5
1826,employed,0.8,0.0,0.0,0.0,0.2
1827,student,0.8,0.2,0.8,0.0,0.6
1828,unemployed,0.7,0.0,0.0,0.0,0.0
1829,student,0.7,0.2,0.8,0.0,0.1
1830,employed,0.2,0.5,0.0,0.0,0.2
1831,unemployed,0.6,0.2,0.0,0.0,0.0
1832,healthcare,0.2,0.0,0.0,0.9,0.0
1833,student,0.8,0.0,0.8,0.0,0.6
1834,unemployed,0.8,0.0,0.0,0.0,0.0
1835,employed,0.7,0.0,0.0,0.0,0.2
1836,unemployed,0.7,0.0,0.0,0.0,0.0
1837,unemployed,0.7,0.2,0.0,0.0,0.2
1838,employed,0.3,0.7,0.0,0.0,0.2
1839,healthcare,0.5,0.0,0.2,0.7,0.5
1840,student,0.6,0.0,0.5,0.0,0.2
1841,student,0.6,0.0,0.0,0.0,0.2
1842,healthcare,0.1,0.0,0.0,0.9,0.1
1843,student,0.9,0.2,0.0,0.0,0.6
1844,student,0.7,0.0,0.5,0.0,0.5
1845,unemployed,0.7,0.2,0.0,0.0,0.1
1846,employed,0.8,0.2,0.0,0.0,0.1
1847,unemployed,0.9,0.0,0.0,0.0,0.2
1848,healthcare,0.1,0.0,0.0,0.9,0.1
1849,unemployed,0.8,0.2,0.0,0.0,0.1
1850,healthcare,0.3,0.0,0.0,0.9,0.0
1851,healthcare,0.1,0.0,0.0,0.9,0.0
1852,unemployed,0.9,0.2,0.0,0.0,0.5
1853,unemployed,0.9,0.2,0.0,0.0,0.5
1854,unemployed,0.8,0.0,0.0,0.0,0.2
1855,student,0.7,0.0,0.5,0.0,0.8
1856,unemployed,0.6,0.0,0.0,0.0,0.5
1857,employed,0.3,0.6,0.0,0.0,0.6
1858,student,0.5,0.2,0.8,0.0,0.6
1859,employed,0.7,0.0,0.0,0.0,0.2
1860,employed,0.2,0.6,0.0,0.0,0.5
1861,unemployed,0.8,0.2,0.0,0.0,0.1
1862,employed,0.2,0.5,0.0,0.0,0.6
1863,unemployed,0.9,0.0,0.0,0.0,0.0
1864,unemployed,0.9,0.0,0.0,0.0,0.0
1865,healthcare,0.2,0.0,0.0,0.9,0.1
1866,employed,0.5,0.0,0.0,0.0,0.0
1867,unemployed,0.8,0.2,0.0,0.0,0.2
1868,employed,0.2,0.6,0.0,0.0,0.5
1869,healthcare,0.2,0.0,0.0,0.9,0.1
1870,student,0.9,0.2,0.0,0.0,0.0
1871,student,0.7,0.2,0.8,0.0,0.1
1872,student,0.8,0.2,0.5,0.0,0.1
1873,employed,0.5,0.0,0.0,0.0,0.0
1874,unemployed,0.9,0.0,0.0,0.0,0.1
1875,employed,0.3,0.6,0.0,0.0,0.5
1876,employed,0.9,0.2,0.0,0.0,0.0
1877,student,0.9,0.0,0.8,0.0,0.8
1878,healthcare,0.1,0.0,0.0,0.9,0.0
1879,healthcare,0.2,0.0,0.0,0.9,0.1
1880,employed,0.7,0.2,0.0,0.0,0.1
1881,unemployed,0.8,0.0,0.0,0.0,0.0
1882,healthcare,0.2,0.0,0.0,0.9,0.1
1883,healthcare,0.2,0.0,0.0,0.9,0.1
1884,student,0.6,0.2,0.5,0.0,0.8
1885,healthcare,0.3,0.0,0.0,0.9,0.1
1886,healthcare,0.4,0.0,0.2,0.5,0.5
1887,unemployed,0.8,0.2,0.0,0.0,0.1
1888,student,0.6,0.0,0.8,0.0,0.8
1889,healthcare,0.1,0.0,0.0,0.9,0.0
1890,student,0.6,0.0,0.8,0.0,0.0
1891,student,0.6,0.0,0.5,0.0,0.2
1892,healthcare,0.5,0.0,0.2,0.5,0.5
1893,healthcare,0.1,0.0,0.0,0.9,0.0
1894,student,0.5,0.0,0.0,0.0,0.5
1895,unemployed,0.9,0.0,0.0,0.0,0.0
1896,employed,0.5,0.2,0.0,0.0,0.0
1897,student,0.9,0.0,0.8,0.0,0.8
1898,student,0.9,0.0,0.8,0.0,0.1
1899,student,0.7,0.0,0.8,0.0,0.2
1900,healthcare,0.2,0.0,0.0,0.9,0.1
1901,healthcare,0.2,0.0,0.0,0.9,0.0
1902,employed,0.7,0.2,0.0,0.0,0.0
1903,unemployed,0.9,0.0,0.0,0.0,0.1
1904,unemployed,0.7,0.0,0.0,0.0,0.0
1905,healthcare,0.5,0.0,0.0,0.5,0.5
1906,student,0.6,0.2,0.8,0.0,0.1
1907,student,0.9,0.2,0.5,0.0,0.8
1908,student,0.8,0.2,0.5,0.0,0.2
1909,healthcare,0.4,0.0,0.2,0.5,0.4
1910,student,0.9,0.0,0.8,0.0,0.2
1911,unemployed,0.9,0.2,0.0,0.0,0.1
1912,unemployed,0.8,0.2,0.0,0.0,0.5
1913,student,0.6,0.2,0.8,0.0,0.1
1914,student,0.8,0.2,0.8,0.0,0.6
1915,employed,0.8,0.0,0.0,0.0,0.2
1916,employed,0.8,0.0,0.0,0.0,0.2
1917,unemployed,0.7,0.0,0.0,0.0,0.1
1918,employed,0.5,0.0,0.0,0.0,0.2
1919,student,0.5,0.2,0.5,0.0,0.8
1920,employed,0.8,0.2,0.0,0.0,0.1
1921,student,0.9,0.2,0.8,0.0,0.8
1922,healthcare,0.4,0.0,0.2,0.7,0.5
1923,unemployed,0.8,0.0,0.0,0.0,0.5
1924,healthcare,0.2,0.0,0.0,0.9,0.1
1925,employed,0.2,0.7,0.0,0.0,0.2
1926,employed,0.7,0.0,0.0,0.0,0.2
1927,healthcare,0.1,0.0,0.0,0.9,0.0
1928,student,0.8,0.2,0.5,0.0,0.6
1929,healthcare,0.2,0.0,0.0,0.9,0.0
1930,unemployed,0.7,0.2,0.0,0.0,0.0
1931,unemployed,0.7,0.2,0.0,0.0,0.0
1932,employed,0.9,0.0,0.0,0.0,0.0
1933,healthcare,0.5,0.0,0.2,0.7,0.4
1934,student,0.6,0.2,0.5,0.0,0.2
1935,healthcare,0.1,0.0,0.0,0.9,0.0
1936,unemployed,0.7,0.2,0.0,0.0,0.0
1937,unemployed,0.8,0.0,0.0,0.0,0.0
1938,healthcare,0.2,0.0,0.0,0.9,0.0
1939,unemployed,0.6,0.2,0.0,0.0,0.5
1940,healthcare,0.5,0.0,0.2,0.5,0.5
1941,student,0.7,0.2,0.8,0.0,0.8
1942,student,0.9,0.0,0.0,0.0,0.6
1943,student,0.6,0.2,0.0,0.0,0.0
1944,employed,0.7,0.2,0.0,0.0,0.1
1945,healthcare,0.2,0.0,0.0,0.9,0.1
1946,student,0.9,0.0,0.0,0.0,0.2
1947,unemployed,0.9,0.2,0.0,0.0,0.0
1948,student,0.7,0.0,0.0,0.0,0.1
1949,unemployed,0.8,0.2,0.0,0.0,0.2
1950,healthcare,0.3,0.0,0.0,0.9,0.0
1951,employed,0.5,0.0,0.0,0.0,0.2
1952,employed,0.2,0.7,0.0,0.0,0.6
1953,student,0.9,0.2,0.5,0.0,0.0
1954,student,0.7,0.2,0.0,0.0,0.2
1955,employed,0.2,0.7,0.0,0.0,0.2
1956,student,0.9,0.0,0.8,0.0,0.0
1957,employed,0.5,0.0,0.0,0.0,0.0
1958,employed,0.5,0.2,0.0,0.0,0.2
1959,student,0.7,0.0,0.0,0.0,0.8
1960,unemployed,0.6,0.2,0.0,0.0,0.0
1961,healthcare,0.1,0.0,0.0,0.9,0.1
1962,unemployed,0.8,0.0,0.0,0.0,0.0
1963,student,0.9,0.2,0.5,0.0,0.6
1964,unemployed,0.6,0.0,0.0,0.0,0.5
1965,unemployed,0.7,0.0,0.0,0.0,0.2
1966,student,0.9,0.0,0.8,0.0,0.8
1967,student,0.9,0.0,0.5,0.0,0.2
1968,unemployed,0.8,0.2,0.0,0.0,0.0
1969,employed,0.5,0.0,0.0,0.0,0.0
1970,healthcare,0.5,0.0,0.0,0.7,0.4
1971,student,0.8,0.2,0.8,0.0,0.1
1972,healthcare,0.3,0.0,0.0,0.9,0.0
1973,healthcare,0.2,0.0,0.0,0.9,0.1
1974,unemployed,0.9,0.0,0.0,0.0,0.2
1975,unemployed,0.6,0.2,0.0,0.0,0.2
1976,unemployed,0.8,0.0,0.0,0.0,0.5
1977,unemployed,0.6,0.2,0.0,0.0,0.5
1978,unemployed,0.8,0.2,0.0,0.0,0.1
1979,student,0.8,0.2,0.8,0.0,0.5
1980,unemployed,0.7,0.0,0.0,0.0,0.0
1981,unemployed,0.7,0.2,0.0,0.0,0.5
1982,healthcare,0.2,0.0,0.0,0.9,0.0
1983,student,0.8,0.2,0.8,0.0,0.2
1984,healthcare,0.2,0.0,0.0,0.9,0.1
1985,unemployed,0.9,0.2,0.0,0.0,0.0
1986,employed,0.8,0.2,0.0,0.0,0.2
1987,healthcare,0.1,0.0,0.0,0.9,0.0
1988,healthcare,0.1,0.0,0.0,0.9,0.1
1989,unemployed,0.9,0.2,0.0,0.0,0.2
1990,employed,0.3,0.5,0.0,0.0,0.5
1991,healthcare,0.1,0.0,0.0,0.9,0.1
1992,healthcare,0.4,0.0,0.0,0.7,0.5
1993,student,0.8,0.0,0.8,0.0,0.8
1994,unemployed,0.9,0.0,0.0,0.0,0.0
1995,healthcare,0.3,0.0,0.0,0.9,0.0
1996,unemployed,0.9,0.2,0.0,0.0,0.2
1997,healthcare,0.4,0.0,0.2,0.5,0.4
1998,healthcare,0.2,0.0,0.0,0.9,0.1
1999,student,0.5,0.0,0.8,0.0,0.1
